"scenario","ratio_value","setting_seed","repetition","x_stop","n_target_total","n_marker_actual","n_target_band","x_end","x_count","n_count","c_true","c_hat","sigma_L","valid","invalid_reason"
"CSR",5,103123,1,333,525000,100238,26101,0.0127724779304117,333,51,525000,685588.235294118,15.3262072378003,TRUE,NA
"CSR",5,103123,1,800,525000,100238,26101,0.0317083126865327,800,139,525000,604316.54676259,9.65539294573709,TRUE,NA
"CSR",5,103123,2,333,525000,103003,26298,0.0135191197041422,333,77,525000,454090.909090909,12.9878530478899,TRUE,NA
"CSR",5,103123,2,800,525000,103003,26298,0.0309401249978691,800,168,525000,5e+05,8.98932569313369,TRUE,NA
"CSR",5,103123,3,333,525000,101178,25993,0.0123201990500093,333,70,525000,499500,13.478551100938,TRUE,NA
"CSR",5,103123,3,800,525000,101178,25993,0.0308497790247202,800,169,525000,497041.420118343,8.96971373715795,TRUE,NA
"CSR",5,103123,4,333,525000,102168,26527,0.0133737225551158,333,72,525000,485625,13.3305320903684,TRUE,NA
"CSR",5,103123,4,800,525000,102168,26527,0.0314458450302482,800,176,525000,477272.727272727,8.83755332157073,TRUE,NA
"CSR",5,103123,5,333,525000,100999,26153,0.0126264132559299,333,61,525000,573196.721311475,14.2389825181774,TRUE,NA
"CSR",5,103123,5,800,525000,100999,26153,0.0312874910887331,800,152,525000,552631.578947368,9.33132576741561,TRUE,NA
"CSR",5,103123,6,333,525000,105976,26225,0.0117516515310854,333,63,525000,555000,14.0550473372953,TRUE,NA
"CSR",5,103123,6,800,525000,105976,26225,0.0296091791242361,800,151,525000,556291.390728477,9.35464229440858,TRUE,NA
"CSR",5,103123,7,333,525000,105205,26056,0.0129110484849662,333,58,525000,602844.827586207,14.5336846679327,TRUE,NA
"CSR",5,103123,7,800,525000,105205,26056,0.0329148676246405,800,163,525000,515337.423312883,9.09031683413498,TRUE,NA
"CSR",5,103123,8,333,525000,108841,26300,0.013699505245313,333,75,525000,466200,13.1205003813417,TRUE,NA
"CSR",5,103123,8,800,525000,108841,26300,0.0324190091341734,800,176,525000,477272.727272727,8.83755332157073,TRUE,NA
"CSR",5,103123,9,333,525000,107422,26187,0.0135388099588454,333,65,525000,537923.076923077,13.8802143632441,TRUE,NA
"CSR",5,103123,9,800,525000,107422,26187,0.0316410991363227,800,146,525000,575342.465753425,9.47508931769804,TRUE,NA
"CSR",5,103123,10,333,525000,105437,26152,0.0132236839272082,333,65,525000,537923.076923077,13.8802143632441,TRUE,NA
"CSR",5,103123,10,800,525000,105437,26152,0.0315486998297274,800,156,525000,538461.538461538,9.24049408830438,TRUE,NA
"CSR",5,103123,11,333,525000,104656,26363,0.0118140811100602,333,53,525000,659716.981132075,15.0828857386931,TRUE,NA
"CSR",5,103123,11,800,525000,104656,26363,0.0287761171348393,800,138,525000,608695.652173913,9.68235172927353,TRUE,NA
"CSR",5,103123,12,333,525000,104848,26220,0.0133062438108027,333,74,525000,472500,13.1889852550751,TRUE,NA
"CSR",5,103123,12,800,525000,104848,26220,0.029569260077551,800,146,525000,575342.465753425,9.47508931769804,TRUE,NA
"CSR",5,103123,13,333,525000,103687,26314,0.0137673707213253,333,66,525000,529772.727272727,13.7959903029324,TRUE,NA
"CSR",5,103123,13,800,525000,103687,26314,0.0307338000275195,800,155,525000,541935.483870968,9.26284491534227,TRUE,NA
"CSR",5,103123,14,333,525000,105240,26230,0.0129730887711048,333,65,525000,537923.076923077,13.8802143632441,TRUE,NA
"CSR",5,103123,14,800,525000,105240,26230,0.0296120147686452,800,154,525000,545454.545454545,9.28543116007485,TRUE,NA
"CSR",5,103123,15,333,525000,103244,26315,0.0133562344126403,333,57,525000,613421.052631579,14.6373765892212,TRUE,NA
"CSR",5,103123,15,800,525000,103244,26315,0.0300404992885888,800,144,525000,583333.333333333,9.52515676185271,TRUE,NA
"CSR",5,103123,16,333,525000,104313,26168,0.012313146609813,333,58,525000,602844.827586207,14.5336846679327,TRUE,NA
"CSR",5,103123,16,800,525000,104313,26168,0.0302497032098472,800,146,525000,575342.465753425,9.47508931769804,TRUE,NA
"CSR",5,103123,17,333,525000,105315,26394,0.012358138570562,333,53,525000,659716.981132075,15.0828857386931,TRUE,NA
"CSR",5,103123,17,800,525000,105315,26394,0.030148497549817,800,158,525000,531645.569620253,9.19648335691042,TRUE,NA
"CSR",5,103123,18,333,525000,103972,26286,0.0139419911429286,333,82,525000,426402.43902439,12.6793302834041,TRUE,NA
"CSR",5,103123,18,800,525000,103972,26286,0.0320678558200598,800,169,525000,497041.420118343,8.96971373715795,TRUE,NA
"CSR",5,103123,19,333,525000,106043,26335,0.0121299480088055,333,74,525000,472500,13.1889852550751,TRUE,NA
"CSR",5,103123,19,800,525000,106043,26335,0.0309410623740405,800,178,525000,471910.112359551,8.80136024568492,TRUE,NA
"CSR",5,103123,20,333,525000,104345,26153,0.0118122042622417,333,64,525000,546328.125,13.9665384732028,TRUE,NA
"CSR",5,103123,20,800,525000,104345,26153,0.0309331433381885,800,152,525000,552631.578947368,9.33132576741561,TRUE,NA
"CSR",5,103123,21,333,525000,104857,26163,0.0133035900071263,333,70,525000,499500,13.478551100938,TRUE,NA
"CSR",5,103123,21,800,525000,104857,26163,0.0331388125196099,800,163,525000,515337.423312883,9.09031683413498,TRUE,NA
"CSR",5,103123,22,333,525000,103518,26099,0.0130857178010046,333,70,525000,499500,13.478551100938,TRUE,NA
"CSR",5,103123,22,800,525000,103518,26099,0.0309480526484549,800,162,525000,518518.518518519,9.11112297991595,TRUE,NA
"CSR",5,103123,23,333,525000,107472,26284,0.0126383756287396,333,66,525000,529772.727272727,13.7959903029324,TRUE,NA
"CSR",5,103123,23,800,525000,107472,26284,0.0299821353983134,800,175,525000,480000,8.85590334388769,TRUE,NA
"CSR",5,103123,24,333,525000,105724,26183,0.0133777491282672,333,71,525000,492464.788732394,13.4037034936613,TRUE,NA
"CSR",5,103123,24,800,525000,105724,26183,0.0301847704686224,800,137,525000,613138.686131387,9.70962757387486,TRUE,NA
"CSR",5,103123,25,333,525000,99356,26246,0.0127559744287282,333,58,525000,602844.827586207,14.5336846679327,TRUE,NA
"CSR",5,103123,25,800,525000,99356,26246,0.0300754522904754,800,135,525000,622222.222222222,9.76515442619819,TRUE,NA
"CSR",5,103123,26,333,525000,104576,26319,0.0127831110730767,333,61,525000,573196.721311475,14.2389825181774,TRUE,NA
"CSR",5,103123,26,800,525000,104576,26319,0.0306973361875862,800,141,525000,595744.680851064,9.60240348605634,TRUE,NA
"CSR",5,103123,27,333,525000,110224,26385,0.0134318831842393,333,70,525000,499500,13.478551100938,TRUE,NA
"CSR",5,103123,27,800,525000,110224,26385,0.0318265743553638,800,186,525000,451612.903225806,8.66300223673289,TRUE,NA
"CSR",5,103123,28,333,525000,106754,26375,0.0125602716580033,333,60,525000,582750,14.3346037123501,TRUE,NA
"CSR",5,103123,28,800,525000,106754,26375,0.0303242693189532,800,177,525000,474576.271186441,8.81937310893847,TRUE,NA
"CSR",5,103123,29,333,525000,107548,26306,0.0126590963918716,333,68,525000,514191.176470588,13.633525606125,TRUE,NA
"CSR",5,103123,29,800,525000,107548,26306,0.0315550079103559,800,170,525000,494117.647058824,8.95029029167148,TRUE,NA
"CSR",5,103123,30,333,525000,104458,26059,0.0131362869869918,333,70,525000,499500,13.478551100938,TRUE,NA
"CSR",5,103123,30,800,525000,104458,26059,0.0313604588154703,800,165,525000,509090.909090909,9.04932193589579,TRUE,NA
"CSR",5,103123,31,333,525000,105051,26300,0.0128707056865096,333,61,525000,573196.721311475,14.2389825181774,TRUE,NA
"CSR",5,103123,31,800,525000,105051,26300,0.0322851501405239,800,168,525000,5e+05,8.98932569313369,TRUE,NA
"CSR",5,103123,32,333,525000,108734,26202,0.0117270762566477,333,56,525000,624375,14.7440030349591,TRUE,NA
"CSR",5,103123,32,800,525000,108734,26202,0.0307224267162383,800,163,525000,515337.423312883,9.09031683413498,TRUE,NA
"CSR",5,103123,33,333,525000,99886,26206,0.0138851006049663,333,58,525000,602844.827586207,14.5336846679327,TRUE,NA
"CSR",5,103123,33,800,525000,99886,26206,0.0316901835612953,800,147,525000,571428.571428571,9.45046971201844,TRUE,NA
"CSR",5,103123,34,333,525000,98715,26395,0.0130876528564841,333,49,525000,713571.428571429,15.5851156420642,TRUE,NA
"CSR",5,103123,34,800,525000,98715,26395,0.029871103586629,800,119,525000,705882.352941177,10.262445144253,TRUE,NA
"CSR",5,103123,35,333,525000,102137,26510,0.0120901812333614,333,80,525000,437062.5,12.7989920276346,TRUE,NA
"CSR",5,103123,35,800,525000,102137,26510,0.0289481801446527,800,171,525000,491228.070175439,8.93105251676233,TRUE,NA
"CSR",5,103123,36,333,525000,108670,26217,0.0116901060100645,333,67,525000,521865.671641791,13.7137860660992,TRUE,NA
"CSR",5,103123,36,800,525000,108670,26217,0.0299941203556955,800,168,525000,5e+05,8.98932569313369,TRUE,NA
"CSR",5,103123,37,333,525000,104881,26187,0.0123432888649404,333,63,525000,555000,14.0550473372953,TRUE,NA
"CSR",5,103123,37,800,525000,104881,26187,0.0300303376279771,800,158,525000,531645.569620253,9.19648335691042,TRUE,NA
"CSR",5,103123,38,333,525000,98817,26143,0.0133549715392292,333,74,525000,472500,13.1889852550751,TRUE,NA
"CSR",5,103123,38,800,525000,98817,26143,0.0308354967273772,800,151,525000,556291.390728477,9.35464229440858,TRUE,NA
"CSR",5,103123,39,333,525000,101589,26029,0.0125774187035859,333,68,525000,514191.176470588,13.633525606125,TRUE,NA
"CSR",5,103123,39,800,525000,101589,26029,0.0316194773185998,800,160,525000,525000,9.15336915531238,TRUE,NA
"CSR",5,103123,40,333,525000,101348,26524,0.012313038809225,333,65,525000,537923.076923077,13.8802143632441,TRUE,NA
"CSR",5,103123,40,800,525000,101348,26524,0.0300364091526717,800,145,525000,579310.344827586,9.49998337550142,TRUE,NA
"CSR",5,103123,41,333,525000,101061,26348,0.0127513480838388,333,57,525000,613421.052631579,14.6373765892212,TRUE,NA
"CSR",5,103123,41,800,525000,101061,26348,0.0317677676212043,800,151,525000,556291.390728477,9.35464229440858,TRUE,NA
"CSR",5,103123,42,333,525000,101769,26194,0.0126600509975106,333,59,525000,592627.118644068,14.4328002254304,TRUE,NA
"CSR",5,103123,42,800,525000,101769,26194,0.0301562016829848,800,152,525000,552631.578947368,9.33132576741561,TRUE,NA
"CSR",5,103123,43,333,525000,105917,26234,0.0115157649852335,333,54,525000,647500,14.96660890478,TRUE,NA
"CSR",5,103123,43,800,525000,105917,26234,0.0291312846820801,800,139,525000,604316.54676259,9.65539294573709,TRUE,NA
"CSR",5,103123,44,333,525000,110731,26107,0.0131552733946592,333,80,525000,437062.5,12.7989920276346,TRUE,NA
"CSR",5,103123,44,800,525000,110731,26107,0.0313821092713624,800,181,525000,464088.397790055,8.74830187396128,TRUE,NA
"CSR",5,103123,45,333,525000,101115,26156,0.0119159647729248,333,59,525000,592627.118644068,14.4328002254304,TRUE,NA
"CSR",5,103123,45,800,525000,101115,26156,0.0296246269717813,800,171,525000,491228.070175439,8.93105251676233,TRUE,NA
"CSR",5,103123,46,333,525000,106057,26310,0.0127125144936144,333,67,525000,521865.671641791,13.7137860660992,TRUE,NA
"CSR",5,103123,46,800,525000,106057,26310,0.031360020628199,800,151,525000,556291.390728477,9.35464229440858,TRUE,NA
"CSR",5,103123,47,333,525000,106218,26087,0.011748094111681,333,61,525000,573196.721311475,14.2389825181774,TRUE,NA
"CSR",5,103123,47,800,525000,106218,26087,0.0293929169420153,800,150,525000,560000,9.37821057345647,TRUE,NA
"CSR",5,103123,48,333,525000,107500,26203,0.0120743138249964,333,70,525000,499500,13.478551100938,TRUE,NA
"CSR",5,103123,48,800,525000,107500,26203,0.0295433877035975,800,159,525000,528301.886792453,9.17481600112124,TRUE,NA
"CSR",5,103123,49,333,525000,104900,26386,0.0121194927487522,333,80,525000,437062.5,12.7989920276346,TRUE,NA
"CSR",5,103123,49,800,525000,104900,26386,0.0297866566106677,800,178,525000,471910.112359551,8.80136024568492,TRUE,NA
"CSR",5,103123,50,333,525000,104640,26038,0.0131884522270411,333,82,525000,426402.43902439,12.6793302834041,TRUE,NA
"CSR",5,103123,50,800,525000,104640,26038,0.0308738809544593,800,165,525000,509090.909090909,9.04932193589579,TRUE,NA
"CSR",5,103123,51,333,525000,103620,26352,0.0135635070037097,333,61,525000,573196.721311475,14.2389825181774,TRUE,NA
"CSR",5,103123,51,800,525000,103620,26352,0.0302685587666929,800,147,525000,571428.571428571,9.45046971201844,TRUE,NA
"CSR",5,103123,52,333,525000,106460,26298,0.0116993580013514,333,80,525000,437062.5,12.7989920276346,TRUE,NA
"CSR",5,103123,52,800,525000,106460,26298,0.0303004942834377,800,171,525000,491228.070175439,8.93105251676233,TRUE,NA
"CSR",5,103123,53,333,525000,101146,26339,0.0127398706972599,333,64,525000,546328.125,13.9665384732028,TRUE,NA
"CSR",5,103123,53,800,525000,101146,26339,0.0295649501495063,800,152,525000,552631.578947368,9.33132576741561,TRUE,NA
"CSR",5,103123,54,333,525000,105982,26189,0.0128529181238264,333,80,525000,437062.5,12.7989920276346,TRUE,NA
"CSR",5,103123,54,800,525000,105982,26189,0.0315183154307306,800,186,525000,451612.903225806,8.66300223673289,TRUE,NA
"CSR",5,103123,55,333,525000,101926,26126,0.0143786277621984,333,80,525000,437062.5,12.7989920276346,TRUE,NA
"CSR",5,103123,55,800,525000,101926,26126,0.0325334013905376,800,169,525000,497041.420118343,8.96971373715795,TRUE,NA
"CSR",5,103123,56,333,525000,99058,25862,0.0117552531883121,333,55,525000,635727.272727273,14.853699160197,TRUE,NA
"CSR",5,103123,56,800,525000,99058,25862,0.0298217944800854,800,150,525000,560000,9.37821057345647,TRUE,NA
"CSR",5,103123,57,333,525000,112584,26413,0.0127663821913302,333,61,525000,573196.721311475,14.2389825181774,TRUE,NA
"CSR",5,103123,57,800,525000,112584,26413,0.0302934960927814,800,153,525000,549019.607843137,9.30825676577559,TRUE,NA
"CSR",5,103123,58,333,525000,108524,26280,0.0125592490658164,333,76,525000,460065.789473684,13.0534724993725,TRUE,NA
"CSR",5,103123,58,800,525000,108524,26280,0.0306654877495021,800,169,525000,497041.420118343,8.96971373715795,TRUE,NA
"CSR",5,103123,59,333,525000,105336,26095,0.0136041981168091,333,64,525000,546328.125,13.9665384732028,TRUE,NA
"CSR",5,103123,59,800,525000,105336,26095,0.0315014773514122,800,145,525000,579310.344827586,9.49998337550142,TRUE,NA
"CSR",5,103123,60,333,525000,103788,26262,0.0132706372532994,333,63,525000,555000,14.0550473372953,TRUE,NA
"CSR",5,103123,60,800,525000,103788,26262,0.0313636653590947,800,159,525000,528301.886792453,9.17481600112124,TRUE,NA
"CSR",5,103123,61,333,525000,98852,26085,0.0125999117735773,333,57,525000,613421.052631579,14.6373765892212,TRUE,NA
"CSR",5,103123,61,800,525000,98852,26085,0.030179645633325,800,142,525000,591549.295774648,9.57636163188774,TRUE,NA
"CSR",5,103123,62,333,525000,105418,26517,0.0121257409919053,333,62,525000,563951.612903226,14.1458304635712,TRUE,NA
"CSR",5,103123,62,800,525000,105418,26517,0.0307120049837977,800,177,525000,474576.271186441,8.81937310893847,TRUE,NA
"CSR",5,103123,63,333,525000,105285,26375,0.0120089245028794,333,55,525000,635727.272727273,14.853699160197,TRUE,NA
"CSR",5,103123,63,800,525000,105285,26375,0.0287776472978294,800,139,525000,604316.54676259,9.65539294573709,TRUE,NA
"CSR",5,103123,64,333,525000,107815,26250,0.0129169267602265,333,85,525000,411352.941176471,12.5084473755532,TRUE,NA
"CSR",5,103123,64,800,525000,107815,26250,0.0303483996540308,800,184,525000,456521.739130435,8.69666562427121,TRUE,NA
"CSR",5,103123,65,333,525000,106335,26126,0.0121947394218296,333,69,525000,506739.130434783,13.5551367811372,TRUE,NA
"CSR",5,103123,65,800,525000,106335,26126,0.0300192381255329,800,158,525000,531645.569620253,9.19648335691042,TRUE,NA
"CSR",5,103123,66,333,525000,106043,26308,0.0140572574455291,333,65,525000,537923.076923077,13.8802143632441,TRUE,NA
"CSR",5,103123,66,800,525000,106043,26308,0.0326075530610979,800,164,525000,512195.12195122,9.06971756172824,TRUE,NA
"CSR",5,103123,67,333,525000,113380,26205,0.0131054844241589,333,75,525000,466200,13.1205003813417,TRUE,NA
"CSR",5,103123,67,800,525000,113380,26205,0.0306489821523428,800,167,525000,502994.011976048,9.00912905970284,TRUE,NA
"CSR",5,103123,68,333,525000,101249,26265,0.0141736669465899,333,87,525000,401896.551724138,12.3998679694215,TRUE,NA
"CSR",5,103123,68,800,525000,101249,26265,0.032237449195236,800,180,525000,466666.666666667,8.76582696891626,TRUE,NA
"CSR",5,103123,69,333,525000,102349,26173,0.0118253661785275,333,51,525000,685588.235294118,15.3262072378003,TRUE,NA
"CSR",5,103123,69,800,525000,102349,26173,0.0278348168358207,800,141,525000,595744.680851064,9.60240348605634,TRUE,NA
"CSR",5,103123,70,333,525000,111150,26298,0.012411444215104,333,78,525000,448269.230769231,12.9235956733636,TRUE,NA
"CSR",5,103123,70,800,525000,111150,26298,0.0296760345809162,800,165,525000,509090.909090909,9.04932193589579,TRUE,NA
"CSR",5,103123,71,333,525000,94516,26312,0.0122358135413378,333,72,525000,485625,13.3305320903684,TRUE,NA
"CSR",5,103123,71,800,525000,94516,26312,0.0296294777654111,800,136,525000,617647.058823529,9.7372264355991,TRUE,NA
"CSR",5,103123,72,333,525000,104501,26499,0.0109946781303734,333,58,525000,602844.827586207,14.5336846679327,TRUE,NA
"CSR",5,103123,72,800,525000,104501,26499,0.026875410694629,800,141,525000,595744.680851064,9.60240348605634,TRUE,NA
"CSR",5,103123,73,333,525000,99916,26164,0.0129076982848346,333,47,525000,743936.170212766,15.8612784595146,TRUE,NA
"CSR",5,103123,73,800,525000,99916,26164,0.0302975289523602,800,126,525000,666666.666666667,10.0324097931904,TRUE,NA
"CSR",5,103123,74,333,525000,99426,26024,0.0119541585445404,333,57,525000,613421.052631579,14.6373765892212,TRUE,NA
"CSR",5,103123,74,800,525000,99426,26024,0.0304804460611194,800,150,525000,560000,9.37821057345647,TRUE,NA
"CSR",5,103123,75,333,525000,104889,25940,0.0133398796897382,333,64,525000,546328.125,13.9665384732028,TRUE,NA
"CSR",5,103123,75,800,525000,104889,25940,0.0300410001073033,800,154,525000,545454.545454545,9.28543116007485,TRUE,NA
"CSR",5,103123,76,333,525000,101525,26299,0.0122187375091016,333,61,525000,573196.721311475,14.2389825181774,TRUE,NA
"CSR",5,103123,76,800,525000,101525,26299,0.0293520605191588,800,150,525000,560000,9.37821057345647,TRUE,NA
"CSR",5,103123,77,333,525000,105312,26441,0.0135335719678551,333,57,525000,613421.052631579,14.6373765892212,TRUE,NA
"CSR",5,103123,77,800,525000,105312,26441,0.0311221182346344,800,153,525000,549019.607843137,9.30825676577559,TRUE,NA
"CSR",5,103123,78,333,525000,106084,26050,0.0119440278504044,333,68,525000,514191.176470588,13.633525606125,TRUE,NA
"CSR",5,103123,78,800,525000,106084,26050,0.0295121227391064,800,174,525000,482758.620689655,8.87442568627627,TRUE,NA
"CSR",5,103123,79,333,525000,108341,26360,0.0127710059750825,333,69,525000,506739.130434783,13.5551367811372,TRUE,NA
"CSR",5,103123,79,800,525000,108341,26360,0.0311666384804994,800,178,525000,471910.112359551,8.80136024568492,TRUE,NA
"CSR",5,103123,80,333,525000,104953,25943,0.0126667488366365,333,70,525000,499500,13.478551100938,TRUE,NA
"CSR",5,103123,80,800,525000,104953,25943,0.0313418311998248,800,173,525000,485549.132947977,8.89312291051442,TRUE,NA
"CSR",5,103123,81,333,525000,104505,26215,0.0123024778440595,333,67,525000,521865.671641791,13.7137860660992,TRUE,NA
"CSR",5,103123,81,800,525000,104505,26215,0.0298870347905904,800,151,525000,556291.390728477,9.35464229440858,TRUE,NA
"CSR",5,103123,82,333,525000,107401,26216,0.0133354759309441,333,66,525000,529772.727272727,13.7959903029324,TRUE,NA
"CSR",5,103123,82,800,525000,107401,26216,0.0315667884424329,800,180,525000,466666.666666667,8.76582696891626,TRUE,NA
"CSR",5,103123,83,333,525000,107438,26164,0.0116549718659371,333,62,525000,563951.612903226,14.1458304635712,TRUE,NA
"CSR",5,103123,83,800,525000,107438,26164,0.0293614089023322,800,149,525000,563758.389261745,9.4020349315005,TRUE,NA
"CSR",5,103123,84,333,525000,108289,26154,0.0122307166457176,333,60,525000,582750,14.3346037123501,TRUE,NA
"CSR",5,103123,84,800,525000,108289,26154,0.0297479142900556,800,161,525000,521739.130434783,9.13213929677269,TRUE,NA
"CSR",5,103123,85,333,525000,101127,26441,0.0130933781620115,333,63,525000,555000,14.0550473372953,TRUE,NA
"CSR",5,103123,85,800,525000,101127,26441,0.0318240628112108,800,168,525000,5e+05,8.98932569313369,TRUE,NA
"CSR",5,103123,86,333,525000,106835,26336,0.0115549883339554,333,56,525000,624375,14.7440030349591,TRUE,NA
"CSR",5,103123,86,800,525000,106835,26336,0.0278195056598634,800,150,525000,560000,9.37821057345647,TRUE,NA
"CSR",5,103123,87,333,525000,105677,26455,0.0132161974906921,333,55,525000,635727.272727273,14.853699160197,TRUE,NA
"CSR",5,103123,87,800,525000,105677,26455,0.0310969853308052,800,130,525000,646153.846153846,9.90995680194929,TRUE,NA
"CSR",5,103123,88,333,525000,105981,26449,0.0125840958207846,333,69,525000,506739.130434783,13.5551367811372,TRUE,NA
"CSR",5,103123,88,800,525000,105981,26449,0.0293797173071653,800,161,525000,521739.130434783,9.13213929677269,TRUE,NA
"CSR",5,103123,89,333,525000,100767,26076,0.0125249051488936,333,67,525000,521865.671641791,13.7137860660992,TRUE,NA
"CSR",5,103123,89,800,525000,100767,26076,0.0307445577345788,800,163,525000,515337.423312883,9.09031683413498,TRUE,NA
"CSR",5,103123,90,333,525000,103317,26052,0.0118996012024581,333,58,525000,602844.827586207,14.5336846679327,TRUE,NA
"CSR",5,103123,90,800,525000,103317,26052,0.029790866188705,800,137,525000,613138.686131387,9.70962757387486,TRUE,NA
"CSR",5,103123,91,333,525000,104950,26219,0.0124214563984424,333,59,525000,592627.118644068,14.4328002254304,TRUE,NA
"CSR",5,103123,91,800,525000,104950,26219,0.0299276418518275,800,143,525000,587412.587412587,9.55061447360817,TRUE,NA
"CSR",5,103123,92,333,525000,101379,26074,0.0142911861184984,333,55,525000,635727.272727273,14.853699160197,TRUE,NA
"CSR",5,103123,92,800,525000,101379,26074,0.0320626336615533,800,143,525000,587412.587412587,9.55061447360817,TRUE,NA
"CSR",5,103123,93,333,525000,111921,26177,0.0128635298460722,333,72,525000,485625,13.3305320903684,TRUE,NA
"CSR",5,103123,93,800,525000,111921,26177,0.030284388223663,800,165,525000,509090.909090909,9.04932193589579,TRUE,NA
"CSR",5,103123,94,333,525000,105946,26195,0.0119253129232675,333,44,525000,794659.090909091,16.312171044842,TRUE,NA
"CSR",5,103123,94,800,525000,105946,26195,0.0300629935227334,800,127,525000,661417.322834646,10.0012161447365,TRUE,NA
"CSR",5,103123,95,333,525000,106788,26430,0.0123444895725697,333,71,525000,492464.788732394,13.4037034936613,TRUE,NA
"CSR",5,103123,95,800,525000,106788,26430,0.0304759268183261,800,167,525000,502994.011976048,9.00912905970284,TRUE,NA
"CSR",5,103123,96,333,525000,102811,26321,0.0127467352431267,333,62,525000,563951.612903226,14.1458304635712,TRUE,NA
"CSR",5,103123,96,800,525000,102811,26321,0.0316489145625383,800,158,525000,531645.569620253,9.19648335691042,TRUE,NA
"CSR",5,103123,97,333,525000,104590,26147,0.0135745331645012,333,75,525000,466200,13.1205003813417,TRUE,NA
"CSR",5,103123,97,800,525000,104590,26147,0.0319672699552029,800,179,525000,469273.74301676,8.78351232031546,TRUE,NA
"CSR",5,103123,98,333,525000,99664,26234,0.0138202989473939,333,83,525000,421265.060240964,12.6212568563633,TRUE,NA
"CSR",5,103123,98,800,525000,99664,26234,0.0328165274113417,800,172,525000,488372.093023256,8.91199763112317,TRUE,NA
"CSR",5,103123,99,333,525000,100077,26281,0.0120980243664235,333,70,525000,499500,13.478551100938,TRUE,NA
"CSR",5,103123,99,800,525000,100077,26281,0.0288571729324758,800,151,525000,556291.390728477,9.35464229440858,TRUE,NA
"CSR",5,103123,100,333,525000,102841,26462,0.01308160321787,333,71,525000,492464.788732394,13.4037034936613,TRUE,NA
"CSR",5,103123,100,800,525000,102841,26462,0.0321019478142262,800,163,525000,515337.423312883,9.09031683413498,TRUE,NA
"CSR",5,103123,101,333,525000,106978,26137,0.011610935209319,333,56,525000,624375,14.7440030349591,TRUE,NA
"CSR",5,103123,101,800,525000,106978,26137,0.0291962155606598,800,159,525000,528301.886792453,9.17481600112124,TRUE,NA
"CSR",5,103123,102,333,525000,106626,26255,0.0127082725521177,333,58,525000,602844.827586207,14.5336846679327,TRUE,NA
"CSR",5,103123,102,800,525000,106626,26255,0.0308002240490168,800,134,525000,626865.671641791,9.79341781836483,TRUE,NA
"CSR",5,103123,103,333,525000,103827,26303,0.0127830884885043,333,65,525000,537923.076923077,13.8802143632441,TRUE,NA
"CSR",5,103123,103,800,525000,103827,26303,0.0304993868339807,800,142,525000,591549.295774648,9.57636163188774,TRUE,NA
"CSR",5,103123,104,333,525000,101626,26099,0.0132244001142681,333,44,525000,794659.090909091,16.312171044842,TRUE,NA
"CSR",5,103123,104,800,525000,101626,26099,0.0330171757377684,800,150,525000,560000,9.37821057345647,TRUE,NA
"CSR",5,103123,105,333,525000,106931,26484,0.0131411764305085,333,70,525000,499500,13.478551100938,TRUE,NA
"CSR",5,103123,105,800,525000,106931,26484,0.0304865501821041,800,166,525000,506024.096385542,9.02912679880207,TRUE,NA
"CSR",5,103123,106,333,525000,105727,26246,0.0129856616258621,333,68,525000,514191.176470588,13.633525606125,TRUE,NA
"CSR",5,103123,106,800,525000,105727,26246,0.0301125377882272,800,162,525000,518518.518518519,9.11112297991595,TRUE,NA
"CSR",5,103123,107,333,525000,102047,26452,0.011580701218918,333,62,525000,563951.612903226,14.1458304635712,TRUE,NA
"CSR",5,103123,107,800,525000,102047,26452,0.0291044092737138,800,140,525000,6e+05,9.62874541786184,TRUE,NA
"CSR",5,103123,108,333,525000,103587,26269,0.0145288780331612,333,75,525000,466200,13.1205003813417,TRUE,NA
"CSR",5,103123,108,800,525000,103587,26269,0.0319166602566838,800,156,525000,538461.538461538,9.24049408830438,TRUE,NA
"CSR",5,103123,109,333,525000,108355,26278,0.01288983062841,333,72,525000,485625,13.3305320903684,TRUE,NA
"CSR",5,103123,109,800,525000,108355,26278,0.0303831628989428,800,150,525000,560000,9.37821057345647,TRUE,NA
"CSR",5,103123,110,333,525000,102999,26216,0.0127721861936152,333,67,525000,521865.671641791,13.7137860660992,TRUE,NA
"CSR",5,103123,110,800,525000,102999,26216,0.0306459739804268,800,164,525000,512195.12195122,9.06971756172824,TRUE,NA
"CSR",5,103123,111,333,525000,104784,26094,0.0121329738758504,333,66,525000,529772.727272727,13.7959903029324,TRUE,NA
"CSR",5,103123,111,800,525000,104784,26094,0.029756688978523,800,157,525000,535031.847133758,9.21837482473715,TRUE,NA
"CSR",5,103123,112,333,525000,104496,26411,0.013010015944019,333,59,525000,592627.118644068,14.4328002254304,TRUE,NA
"CSR",5,103123,112,800,525000,104496,26411,0.0318041848950088,800,167,525000,502994.011976048,9.00912905970284,TRUE,NA
"CSR",5,103123,113,333,525000,101208,26246,0.0130154073704034,333,73,525000,478972.602739726,13.2589780259761,TRUE,NA
"CSR",5,103123,113,800,525000,101208,26246,0.0306704314425588,800,157,525000,535031.847133758,9.21837482473715,TRUE,NA
"CSR",5,103123,114,333,525000,107513,26231,0.0117906809318811,333,59,525000,592627.118644068,14.4328002254304,TRUE,NA
"CSR",5,103123,114,800,525000,107513,26231,0.0297483813483268,800,159,525000,528301.886792453,9.17481600112124,TRUE,NA
"CSR",5,103123,115,333,525000,101493,26052,0.012250704690814,333,66,525000,529772.727272727,13.7959903029324,TRUE,NA
"CSR",5,103123,115,800,525000,101493,26052,0.0297401933930814,800,155,525000,541935.483870968,9.26284491534227,TRUE,NA
"CSR",5,103123,116,333,525000,99408,26180,0.0126241901889443,333,66,525000,529772.727272727,13.7959903029324,TRUE,NA
"CSR",5,103123,116,800,525000,99408,26180,0.0298450400587171,800,146,525000,575342.465753425,9.47508931769804,TRUE,NA
"CSR",5,103123,117,333,525000,101388,26105,0.0132518990430981,333,67,525000,521865.671641791,13.7137860660992,TRUE,NA
"CSR",5,103123,117,800,525000,101388,26105,0.0304202097468078,800,155,525000,541935.483870968,9.26284491534227,TRUE,NA
"CSR",5,103123,118,333,525000,106747,26494,0.0119019909761846,333,62,525000,563951.612903226,14.1458304635712,TRUE,NA
"CSR",5,103123,118,800,525000,106747,26494,0.0286368236411363,800,153,525000,549019.607843137,9.30825676577559,TRUE,NA
"CSR",5,103123,119,333,525000,108909,25857,0.0127050150185823,333,63,525000,555000,14.0550473372953,TRUE,NA
"CSR",5,103123,119,800,525000,108909,25857,0.0297581194899976,800,153,525000,549019.607843137,9.30825676577559,TRUE,NA
"CSR",5,103123,120,333,525000,110876,26286,0.0133434745948762,333,73,525000,478972.602739726,13.2589780259761,TRUE,NA
"CSR",5,103123,120,800,525000,110876,26286,0.0305143380537629,800,182,525000,461538.461538462,8.7309347631556,TRUE,NA
"CSR",5,103123,121,333,525000,104638,26400,0.0120923398062587,333,65,525000,537923.076923077,13.8802143632441,TRUE,NA
"CSR",5,103123,121,800,525000,104638,26400,0.0312802284024656,800,160,525000,525000,9.15336915531238,TRUE,NA
"CSR",5,103123,122,333,525000,100985,26373,0.0129347494803369,333,62,525000,563951.612903226,14.1458304635712,TRUE,NA
"CSR",5,103123,122,800,525000,100985,26373,0.0306035473477095,800,160,525000,525000,9.15336915531238,TRUE,NA
"CSR",5,103123,123,333,525000,105242,25869,0.0127408523112535,333,61,525000,573196.721311475,14.2389825181774,TRUE,NA
"CSR",5,103123,123,800,525000,105242,25869,0.03094288893044,800,170,525000,494117.647058824,8.95029029167148,TRUE,NA
"CSR",5,103123,124,333,525000,102878,26241,0.0129765993915498,333,53,525000,659716.981132075,15.0828857386931,TRUE,NA
"CSR",5,103123,124,800,525000,102878,26241,0.0290144567843527,800,130,525000,646153.846153846,9.90995680194929,TRUE,NA
"CSR",5,103123,125,333,525000,104616,26109,0.0128846864681691,333,73,525000,478972.602739726,13.2589780259761,TRUE,NA
"CSR",5,103123,125,800,525000,104616,26109,0.0303525624331087,800,168,525000,5e+05,8.98932569313369,TRUE,NA
"CSR",5,103123,126,333,525000,106506,26233,0.0130654422100633,333,75,525000,466200,13.1205003813417,TRUE,NA
"CSR",5,103123,126,800,525000,106506,26233,0.0290896182414144,800,168,525000,5e+05,8.98932569313369,TRUE,NA
"CSR",5,103123,127,333,525000,101253,26166,0.0122112543322146,333,64,525000,546328.125,13.9665384732028,TRUE,NA
"CSR",5,103123,127,800,525000,101253,26166,0.0291343976277858,800,156,525000,538461.538461538,9.24049408830438,TRUE,NA
"CSR",5,103123,128,333,525000,103251,26404,0.0126185521949083,333,63,525000,555000,14.0550473372953,TRUE,NA
"CSR",5,103123,128,800,525000,103251,26404,0.030285466928035,800,150,525000,560000,9.37821057345647,TRUE,NA
"CSR",5,103123,129,333,525000,100757,26242,0.0127100322861224,333,48,525000,728437.5,15.7209265075818,TRUE,NA
"CSR",5,103123,129,800,525000,100757,26242,0.0299798119813204,800,106,525000,792452.830188679,10.7528502981737,TRUE,NA
"CSR",5,103123,130,333,525000,104008,26165,0.0126342598814517,333,67,525000,521865.671641791,13.7137860660992,TRUE,NA
"CSR",5,103123,130,800,525000,104008,26165,0.029589096782729,800,160,525000,525000,9.15336915531238,TRUE,NA
"CSR",5,103123,131,333,525000,99624,26397,0.0136970933526754,333,64,525000,546328.125,13.9665384732028,TRUE,NA
"CSR",5,103123,131,800,525000,99624,26397,0.0317402111832052,800,145,525000,579310.344827586,9.49998337550142,TRUE,NA
"CSR",5,103123,132,333,525000,105045,26117,0.01305848127231,333,56,525000,624375,14.7440030349591,TRUE,NA
"CSR",5,103123,132,800,525000,105045,26117,0.0304742692969739,800,152,525000,552631.578947368,9.33132576741561,TRUE,NA
"CSR",5,103123,133,333,525000,108182,26342,0.012260731542483,333,60,525000,582750,14.3346037123501,TRUE,NA
"CSR",5,103123,133,800,525000,108182,26342,0.0293757589533925,800,146,525000,575342.465753425,9.47508931769804,TRUE,NA
"CSR",5,103123,134,333,525000,100292,25964,0.0132104493677616,333,73,525000,478972.602739726,13.2589780259761,TRUE,NA
"CSR",5,103123,134,800,525000,100292,25964,0.0301444120705128,800,148,525000,567567.567567568,9.42611979878208,TRUE,NA
"CSR",5,103123,135,333,525000,110197,26365,0.0116756504867226,333,48,525000,728437.5,15.7209265075818,TRUE,NA
"CSR",5,103123,135,800,525000,110197,26365,0.0297567041125149,800,134,525000,626865.671641791,9.79341781836483,TRUE,NA
"CSR",5,103123,136,333,525000,105178,26166,0.0128101371228695,333,84,525000,416250,12.5643072220904,TRUE,NA
"CSR",5,103123,136,800,525000,105178,26166,0.0307119325734675,800,196,525000,428571.428571429,8.5032096914453,TRUE,NA
"CSR",5,103123,137,333,525000,107231,25935,0.0133739067241549,333,72,525000,485625,13.3305320903684,TRUE,NA
"CSR",5,103123,137,800,525000,107231,25935,0.0312769564334303,800,161,525000,521739.130434783,9.13213929677269,TRUE,NA
"CSR",5,103123,138,333,525000,106776,26198,0.0123937397729605,333,65,525000,537923.076923077,13.8802143632441,TRUE,NA
"CSR",5,103123,138,800,525000,106776,26198,0.0310827232897282,800,154,525000,545454.545454545,9.28543116007485,TRUE,NA
"CSR",5,103123,139,333,525000,104075,26172,0.0125477006658912,333,64,525000,546328.125,13.9665384732028,TRUE,NA
"CSR",5,103123,139,800,525000,104075,26172,0.0305620431900024,800,144,525000,583333.333333333,9.52515676185271,TRUE,NA
"CSR",5,103123,140,333,525000,106471,26218,0.0132328656036407,333,81,525000,431666.666666667,12.738562989871,TRUE,NA
"CSR",5,103123,140,800,525000,106471,26218,0.0318584949709475,800,189,525000,444444.444444444,8.61360666640153,TRUE,NA
"CSR",5,103123,141,333,525000,108833,26534,0.012837071204558,333,69,525000,506739.130434783,13.5551367811372,TRUE,NA
"CSR",5,103123,141,800,525000,108833,26534,0.0309365505818278,800,161,525000,521739.130434783,9.13213929677269,TRUE,NA
"CSR",5,103123,142,333,525000,99485,25964,0.0133145465515554,333,76,525000,460065.789473684,13.0534724993725,TRUE,NA
"CSR",5,103123,142,800,525000,99485,25964,0.0321937727276236,800,167,525000,502994.011976048,9.00912905970284,TRUE,NA
"CSR",5,103123,143,333,525000,106534,26165,0.014708915958181,333,70,525000,499500,13.478551100938,TRUE,NA
"CSR",5,103123,143,800,525000,106534,26165,0.0327717438340187,800,165,525000,509090.909090909,9.04932193589579,TRUE,NA
"CSR",5,103123,144,333,525000,109479,26494,0.0125027466565371,333,78,525000,448269.230769231,12.9235956733636,TRUE,NA
"CSR",5,103123,144,800,525000,109479,26494,0.0291542403865606,800,166,525000,506024.096385542,9.02912679880207,TRUE,NA
"CSR",5,103123,145,333,525000,103154,26293,0.0136665541213006,333,70,525000,499500,13.478551100938,TRUE,NA
"CSR",5,103123,145,800,525000,103154,26293,0.0321391911711544,800,180,525000,466666.666666667,8.76582696891626,TRUE,NA
"CSR",5,103123,146,333,525000,102279,26008,0.0138997184112668,333,63,525000,555000,14.0550473372953,TRUE,NA
"CSR",5,103123,146,800,525000,102279,26008,0.0327937791589648,800,161,525000,521739.130434783,9.13213929677269,TRUE,NA
"CSR",5,103123,147,333,525000,104907,26189,0.0125234527513385,333,66,525000,529772.727272727,13.7959903029324,TRUE,NA
"CSR",5,103123,147,800,525000,104907,26189,0.0302770726848394,800,167,525000,502994.011976048,9.00912905970284,TRUE,NA
"CSR",5,103123,148,333,525000,101913,25953,0.0120667933952063,333,61,525000,573196.721311475,14.2389825181774,TRUE,NA
"CSR",5,103123,148,800,525000,101913,25953,0.0287711806595325,800,138,525000,608695.652173913,9.68235172927353,TRUE,NA
"CSR",5,103123,149,333,525000,110186,26209,0.0132998062763363,333,80,525000,437062.5,12.7989920276346,TRUE,NA
"CSR",5,103123,149,800,525000,110186,26209,0.030636663781479,800,180,525000,466666.666666667,8.76582696891626,TRUE,NA
"CSR",5,103123,150,333,525000,104038,26307,0.0125905841123313,333,63,525000,555000,14.0550473372953,TRUE,NA
"CSR",5,103123,150,800,525000,104038,26307,0.0298806072678417,800,154,525000,545454.545454545,9.28543116007485,TRUE,NA
"CSR",5,103123,151,333,525000,101501,26150,0.0132810743525624,333,69,525000,506739.130434783,13.5551367811372,TRUE,NA
"CSR",5,103123,151,800,525000,101501,26150,0.0315524809993804,800,172,525000,488372.093023256,8.91199763112317,TRUE,NA
"CSR",5,103123,152,333,525000,103332,26389,0.0118118331301957,333,52,525000,672403.846153846,15.2026934860618,TRUE,NA
"CSR",5,103123,152,800,525000,103332,26389,0.0291574660222977,800,141,525000,595744.680851064,9.60240348605634,TRUE,NA
"CSR",5,103123,153,333,525000,105410,26440,0.0125112317036837,333,67,525000,521865.671641791,13.7137860660992,TRUE,NA
"CSR",5,103123,153,800,525000,105410,26440,0.0288590136915445,800,144,525000,583333.333333333,9.52515676185271,TRUE,NA
"CSR",5,103123,154,333,525000,108872,26194,0.0134189208038151,333,66,525000,529772.727272727,13.7959903029324,TRUE,NA
"CSR",5,103123,154,800,525000,108872,26194,0.0319388648495078,800,162,525000,518518.518518519,9.11112297991595,TRUE,NA
"CSR",5,103123,155,333,525000,107472,26183,0.0134585178457201,333,72,525000,485625,13.3305320903684,TRUE,NA
"CSR",5,103123,155,800,525000,107472,26183,0.0305486572906375,800,151,525000,556291.390728477,9.35464229440858,TRUE,NA
"CSR",5,103123,156,333,525000,102017,26285,0.0129596015904099,333,66,525000,529772.727272727,13.7959903029324,TRUE,NA
"CSR",5,103123,156,800,525000,102017,26285,0.0296999274287373,800,171,525000,491228.070175439,8.93105251676233,TRUE,NA
"CSR",5,103123,157,333,525000,107355,26317,0.0133967364672571,333,70,525000,499500,13.478551100938,TRUE,NA
"CSR",5,103123,157,800,525000,107355,26317,0.0320330553222448,800,170,525000,494117.647058824,8.95029029167148,TRUE,NA
"CSR",5,103123,158,333,525000,101269,26051,0.0122583468910307,333,71,525000,492464.788732394,13.4037034936613,TRUE,NA
"CSR",5,103123,158,800,525000,101269,26051,0.0293394960463047,800,168,525000,5e+05,8.98932569313369,TRUE,NA
"CSR",5,103123,159,333,525000,106577,26491,0.0130389246623963,333,70,525000,499500,13.478551100938,TRUE,NA
"CSR",5,103123,159,800,525000,106577,26491,0.0290528980549425,800,165,525000,509090.909090909,9.04932193589579,TRUE,NA
"CSR",5,103123,160,333,525000,105049,26076,0.0125282844528556,333,66,525000,529772.727272727,13.7959903029324,TRUE,NA
"CSR",5,103123,160,800,525000,105049,26076,0.0316221648827195,800,169,525000,497041.420118343,8.96971373715795,TRUE,NA
"CSR",5,103123,161,333,525000,106604,26220,0.0130030990112573,333,82,525000,426402.43902439,12.6793302834041,TRUE,NA
"CSR",5,103123,161,800,525000,106604,26220,0.0317302059847862,800,185,525000,454054.054054054,8.67975926782984,TRUE,NA
"CSR",5,103123,162,333,525000,105518,26328,0.0114925890229642,333,53,525000,659716.981132075,15.0828857386931,TRUE,NA
"CSR",5,103123,162,800,525000,105518,26328,0.0295851265545934,800,149,525000,563758.389261745,9.4020349315005,TRUE,NA
"CSR",5,103123,163,333,525000,106396,26593,0.0127526114229113,333,65,525000,537923.076923077,13.8802143632441,TRUE,NA
"CSR",5,103123,163,800,525000,106396,26593,0.02984753344208,800,146,525000,575342.465753425,9.47508931769804,TRUE,NA
"CSR",5,103123,164,333,525000,101724,26060,0.0131032348144799,333,82,525000,426402.43902439,12.6793302834041,TRUE,NA
"CSR",5,103123,164,800,525000,101724,26060,0.0300815706141293,800,186,525000,451612.903225806,8.66300223673289,TRUE,NA
"CSR",5,103123,165,333,525000,105707,26296,0.0116738877259195,333,68,525000,514191.176470588,13.633525606125,TRUE,NA
"CSR",5,103123,165,800,525000,105707,26296,0.0295843922067434,800,154,525000,545454.545454545,9.28543116007485,TRUE,NA
"CSR",5,103123,166,333,525000,103218,26417,0.0125806163996458,333,73,525000,478972.602739726,13.2589780259761,TRUE,NA
"CSR",5,103123,166,800,525000,103218,26417,0.0296189037617296,800,160,525000,525000,9.15336915531238,TRUE,NA
"CSR",5,103123,167,333,525000,103092,26374,0.011744350194931,333,66,525000,529772.727272727,13.7959903029324,TRUE,NA
"CSR",5,103123,167,800,525000,103092,26374,0.0301300450228155,800,170,525000,494117.647058824,8.95029029167148,TRUE,NA
"CSR",5,103123,168,333,525000,109779,26476,0.011954844230786,333,58,525000,602844.827586207,14.5336846679327,TRUE,NA
"CSR",5,103123,168,800,525000,109779,26476,0.0290386667475104,800,151,525000,556291.390728477,9.35464229440858,TRUE,NA
"CSR",5,103123,169,333,525000,101927,26405,0.0130398315377533,333,54,525000,647500,14.96660890478,TRUE,NA
"CSR",5,103123,169,800,525000,101927,26405,0.0312488765921444,800,135,525000,622222.222222222,9.76515442619819,TRUE,NA
"CSR",5,103123,170,333,525000,109806,26239,0.0110275472979993,333,68,525000,514191.176470588,13.633525606125,TRUE,NA
"CSR",5,103123,170,800,525000,109806,26239,0.0276952458079904,800,155,525000,541935.483870968,9.26284491534227,TRUE,NA
"CSR",5,103123,171,333,525000,106081,26171,0.0134557334240526,333,90,525000,388500,12.244399047506,TRUE,NA
"CSR",5,103123,171,800,525000,106081,26171,0.0314168501645327,800,181,525000,464088.397790055,8.74830187396128,TRUE,NA
"CSR",5,103123,172,333,525000,105261,26197,0.0119078988209367,333,50,525000,699300,15.4536143643956,TRUE,NA
"CSR",5,103123,172,800,525000,105261,26197,0.0297170772682875,800,138,525000,608695.652173913,9.68235172927353,TRUE,NA
"CSR",5,103123,173,333,525000,108888,26140,0.0121905088890344,333,63,525000,555000,14.0550473372953,TRUE,NA
"CSR",5,103123,173,800,525000,108888,26140,0.0305620536673814,800,158,525000,531645.569620253,9.19648335691042,TRUE,NA
"CSR",5,103123,174,333,525000,102607,26199,0.0120723005384207,333,59,525000,592627.118644068,14.4328002254304,TRUE,NA
"CSR",5,103123,174,800,525000,102607,26199,0.0297692739404738,800,154,525000,545454.545454545,9.28543116007485,TRUE,NA
"CSR",5,103123,175,333,525000,103754,26561,0.0129016218706965,333,68,525000,514191.176470588,13.633525606125,TRUE,NA
"CSR",5,103123,175,800,525000,103754,26561,0.0306758189108223,800,150,525000,560000,9.37821057345647,TRUE,NA
"CSR",5,103123,176,333,525000,103523,26360,0.0130990881007165,333,67,525000,521865.671641791,13.7137860660992,TRUE,NA
"CSR",5,103123,176,800,525000,103523,26360,0.0312802505213767,800,154,525000,545454.545454545,9.28543116007485,TRUE,NA
"CSR",5,103123,177,333,525000,102561,26187,0.0112745617516339,333,59,525000,592627.118644068,14.4328002254304,TRUE,NA
"CSR",5,103123,177,800,525000,102561,26187,0.0296285119839013,800,156,525000,538461.538461538,9.24049408830438,TRUE,NA
"CSR",5,103123,178,333,525000,106369,26200,0.0123787396587431,333,73,525000,478972.602739726,13.2589780259761,TRUE,NA
"CSR",5,103123,178,800,525000,106369,26200,0.0306166904047132,800,165,525000,509090.909090909,9.04932193589579,TRUE,NA
"CSR",5,103123,179,333,525000,98983,26429,0.0132349440827966,333,60,525000,582750,14.3346037123501,TRUE,NA
"CSR",5,103123,179,800,525000,98983,26429,0.0306753108743578,800,138,525000,608695.652173913,9.68235172927353,TRUE,NA
"CSR",5,103123,180,333,525000,107120,26031,0.0129635985940695,333,70,525000,499500,13.478551100938,TRUE,NA
"CSR",5,103123,180,800,525000,107120,26031,0.0303980878088623,800,165,525000,509090.909090909,9.04932193589579,TRUE,NA
"CSR",5,103123,181,333,525000,101724,26207,0.0118757465388626,333,53,525000,659716.981132075,15.0828857386931,TRUE,NA
"CSR",5,103123,181,800,525000,101724,26207,0.0278019653633237,800,127,525000,661417.322834646,10.0012161447365,TRUE,NA
"CSR",5,103123,182,333,525000,103951,26186,0.0125173025298864,333,72,525000,485625,13.3305320903684,TRUE,NA
"CSR",5,103123,182,800,525000,103951,26186,0.0305187213234603,800,144,525000,583333.333333333,9.52515676185271,TRUE,NA
"CSR",5,103123,183,333,525000,106691,26382,0.0134477589745075,333,79,525000,442594.936708861,12.860656103188,TRUE,NA
"CSR",5,103123,183,800,525000,106691,26382,0.0314664025790989,800,169,525000,497041.420118343,8.96971373715795,TRUE,NA
"CSR",5,103123,184,333,525000,101380,26350,0.0133452359586954,333,61,525000,573196.721311475,14.2389825181774,TRUE,NA
"CSR",5,103123,184,800,525000,101380,26350,0.0312549341470003,800,149,525000,563758.389261745,9.4020349315005,TRUE,NA
"CSR",5,103123,185,333,525000,98230,26359,0.0134121046867222,333,54,525000,647500,14.96660890478,TRUE,NA
"CSR",5,103123,185,800,525000,98230,26359,0.0310930598061532,800,151,525000,556291.390728477,9.35464229440858,TRUE,NA
"CSR",5,103123,186,333,525000,94578,26253,0.012957856291905,333,60,525000,582750,14.3346037123501,TRUE,NA
"CSR",5,103123,186,800,525000,94578,26253,0.0319193995092064,800,164,525000,512195.12195122,9.06971756172824,TRUE,NA
"CSR",5,103123,187,333,525000,111464,26113,0.0137580744922161,333,92,525000,380054.347826087,12.1453632756442,TRUE,NA
"CSR",5,103123,187,800,525000,111464,26113,0.0310924630612135,800,190,525000,442105.263157895,8.59742669877403,TRUE,NA
"CSR",5,103123,188,333,525000,110223,26301,0.0117522063665092,333,67,525000,521865.671641791,13.7137860660992,TRUE,NA
"CSR",5,103123,188,800,525000,110223,26301,0.0291411816142499,800,162,525000,518518.518518519,9.11112297991595,TRUE,NA
"CSR",5,103123,189,333,525000,105369,26039,0.0121454317122698,333,68,525000,514191.176470588,13.633525606125,TRUE,NA
"CSR",5,103123,189,800,525000,105369,26039,0.0317046141717583,800,163,525000,515337.423312883,9.09031683413498,TRUE,NA
"CSR",5,103123,190,333,525000,103293,26308,0.0126219464000314,333,53,525000,659716.981132075,15.0828857386931,TRUE,NA
"CSR",5,103123,190,800,525000,103293,26308,0.0296347513794899,800,138,525000,608695.652173913,9.68235172927353,TRUE,NA
"CSR",5,103123,191,333,525000,102586,26389,0.0129356163088232,333,77,525000,454090.909090909,12.9878530478899,TRUE,NA
"CSR",5,103123,191,800,525000,102586,26389,0.0309331929311156,800,169,525000,497041.420118343,8.96971373715795,TRUE,NA
"CSR",5,103123,192,333,525000,104654,26278,0.0115437300410122,333,63,525000,555000,14.0550473372953,TRUE,NA
"CSR",5,103123,192,800,525000,104654,26278,0.0286239073611796,800,159,525000,528301.886792453,9.17481600112124,TRUE,NA
"CSR",5,103123,193,333,525000,107840,26268,0.0128969461657107,333,80,525000,437062.5,12.7989920276346,TRUE,NA
"CSR",5,103123,193,800,525000,107840,26268,0.0300302968826145,800,149,525000,563758.389261745,9.4020349315005,TRUE,NA
"CSR",5,103123,194,333,525000,105647,26249,0.0135812885127962,333,78,525000,448269.230769231,12.9235956733636,TRUE,NA
"CSR",5,103123,194,800,525000,105647,26249,0.0326581520494074,800,171,525000,491228.070175439,8.93105251676233,TRUE,NA
"CSR",5,103123,195,333,525000,104336,26268,0.012079665903002,333,73,525000,478972.602739726,13.2589780259761,TRUE,NA
"CSR",5,103123,195,800,525000,104336,26268,0.0293497038073838,800,157,525000,535031.847133758,9.21837482473715,TRUE,NA
"CSR",5,103123,196,333,525000,104977,26595,0.0121545614674687,333,72,525000,485625,13.3305320903684,TRUE,NA
"CSR",5,103123,196,800,525000,104977,26595,0.0305654481053352,800,157,525000,535031.847133758,9.21837482473715,TRUE,NA
"CSR",5,103123,197,333,525000,105652,26460,0.01140974345617,333,65,525000,537923.076923077,13.8802143632441,TRUE,NA
"CSR",5,103123,197,800,525000,105652,26460,0.0283275400288403,800,154,525000,545454.545454545,9.28543116007485,TRUE,NA
"CSR",5,103123,198,333,525000,100016,26373,0.0112503739073873,333,52,525000,672403.846153846,15.2026934860618,TRUE,NA
"CSR",5,103123,198,800,525000,100016,26373,0.0305658634752035,800,163,525000,515337.423312883,9.09031683413498,TRUE,NA
"CSR",5,103123,199,333,525000,104458,26322,0.0116619179025292,333,54,525000,647500,14.96660890478,TRUE,NA
"CSR",5,103123,199,800,525000,104458,26322,0.0287010250613093,800,142,525000,591549.295774648,9.57636163188774,TRUE,NA
"CSR",5,103123,200,333,525000,102678,26326,0.0129995280876756,333,67,525000,521865.671641791,13.7137860660992,TRUE,NA
"CSR",5,103123,200,800,525000,102678,26326,0.0298641037661582,800,141,525000,595744.680851064,9.60240348605634,TRUE,NA
"CSR",5,103123,201,333,525000,99992,26349,0.0133251149673015,333,65,525000,537923.076923077,13.8802143632441,TRUE,NA
"CSR",5,103123,201,800,525000,99992,26349,0.0305795141030103,800,152,525000,552631.578947368,9.33132576741561,TRUE,NA
"CSR",5,103123,202,333,525000,103376,26128,0.0129275009967387,333,57,525000,613421.052631579,14.6373765892212,TRUE,NA
"CSR",5,103123,202,800,525000,103376,26128,0.0306743173860013,800,136,525000,617647.058823529,9.7372264355991,TRUE,NA
"CSR",5,103123,203,333,525000,108560,26235,0.0132958348840475,333,80,525000,437062.5,12.7989920276346,TRUE,NA
"CSR",5,103123,203,800,525000,108560,26235,0.0312735624611378,800,169,525000,497041.420118343,8.96971373715795,TRUE,NA
"CSR",5,103123,204,333,525000,100791,26435,0.0134383062832057,333,59,525000,592627.118644068,14.4328002254304,TRUE,NA
"CSR",5,103123,204,800,525000,100791,26435,0.0322152732405812,800,158,525000,531645.569620253,9.19648335691042,TRUE,NA
"CSR",5,103123,205,333,525000,104555,26419,0.0126813100650907,333,69,525000,506739.130434783,13.5551367811372,TRUE,NA
"CSR",5,103123,205,800,525000,104555,26419,0.0298529935535043,800,143,525000,587412.587412587,9.55061447360817,TRUE,NA
"CSR",5,103123,206,333,525000,111155,26472,0.01264678244479,333,63,525000,555000,14.0550473372953,TRUE,NA
"CSR",5,103123,206,800,525000,111155,26472,0.0303690696600825,800,155,525000,541935.483870968,9.26284491534227,TRUE,NA
"CSR",5,103123,207,333,525000,104988,26289,0.0124662993475795,333,90,525000,388500,12.244399047506,TRUE,NA
"CSR",5,103123,207,800,525000,104988,26289,0.0301168214064091,800,180,525000,466666.666666667,8.76582696891626,TRUE,NA
"CSR",5,103123,208,333,525000,105381,26283,0.0129102575592697,333,67,525000,521865.671641791,13.7137860660992,TRUE,NA
"CSR",5,103123,208,800,525000,105381,26283,0.0311939136590809,800,175,525000,480000,8.85590334388769,TRUE,NA
"CSR",5,103123,209,333,525000,101941,26336,0.0123337719123811,333,63,525000,555000,14.0550473372953,TRUE,NA
"CSR",5,103123,209,800,525000,101941,26336,0.0292726275511086,800,156,525000,538461.538461538,9.24049408830438,TRUE,NA
"CSR",5,103123,210,333,525000,106273,26394,0.0118235046975315,333,56,525000,624375,14.7440030349591,TRUE,NA
"CSR",5,103123,210,800,525000,106273,26394,0.0288662179373205,800,164,525000,512195.12195122,9.06971756172824,TRUE,NA
"CSR",5,103123,211,333,525000,105045,26170,0.0127784935757518,333,66,525000,529772.727272727,13.7959903029324,TRUE,NA
"CSR",5,103123,211,800,525000,105045,26170,0.0297697577625513,800,137,525000,613138.686131387,9.70962757387486,TRUE,NA
"CSR",5,103123,212,333,525000,108514,26253,0.0134372583124787,333,67,525000,521865.671641791,13.7137860660992,TRUE,NA
"CSR",5,103123,212,800,525000,108514,26253,0.0304482008796185,800,125,525000,672000,10.064003522129,TRUE,NA
"CSR",5,103123,213,333,525000,102147,26574,0.0122493107337505,333,61,525000,573196.721311475,14.2389825181774,TRUE,NA
"CSR",5,103123,213,800,525000,102147,26574,0.0302608462516218,800,149,525000,563758.389261745,9.4020349315005,TRUE,NA
"CSR",5,103123,214,333,525000,107637,26407,0.0119004317093641,333,66,525000,529772.727272727,13.7959903029324,TRUE,NA
"CSR",5,103123,214,800,525000,107637,26407,0.0293147666379809,800,149,525000,563758.389261745,9.4020349315005,TRUE,NA
"CSR",5,103123,215,333,525000,98406,26233,0.0139509113505483,333,68,525000,514191.176470588,13.633525606125,TRUE,NA
"CSR",5,103123,215,800,525000,98406,26233,0.0322387083433568,800,163,525000,515337.423312883,9.09031683413498,TRUE,NA
"CSR",5,103123,216,333,525000,103939,26262,0.0131313451565802,333,87,525000,401896.551724138,12.3998679694215,TRUE,NA
"CSR",5,103123,216,800,525000,103939,26262,0.030595239251852,800,207,525000,405797.101449275,8.34226262097912,TRUE,NA
"CSR",5,103123,217,333,525000,103365,26515,0.0114478976465762,333,51,525000,685588.235294118,15.3262072378003,TRUE,NA
"CSR",5,103123,217,800,525000,103365,26515,0.0282945944927633,800,133,525000,631578.947368421,9.82202305119653,TRUE,NA
"CSR",5,103123,218,333,525000,107389,26162,0.0120842347387224,333,67,525000,521865.671641791,13.7137860660992,TRUE,NA
"CSR",5,103123,218,800,525000,107389,26162,0.0300910961814225,800,147,525000,571428.571428571,9.45046971201844,TRUE,NA
"CSR",5,103123,219,333,525000,103673,26153,0.0130984752904624,333,80,525000,437062.5,12.7989920276346,TRUE,NA
"CSR",5,103123,219,800,525000,103673,26153,0.0321659164037555,800,184,525000,456521.739130435,8.69666562427121,TRUE,NA
"CSR",5,103123,220,333,525000,108137,26177,0.0134473298676312,333,76,525000,460065.789473684,13.0534724993725,TRUE,NA
"CSR",5,103123,220,800,525000,108137,26177,0.031248465180397,800,184,525000,456521.739130435,8.69666562427121,TRUE,NA
"CSR",5,103123,221,333,525000,99009,26391,0.0121862224768847,333,55,525000,635727.272727273,14.853699160197,TRUE,NA
"CSR",5,103123,221,800,525000,99009,26391,0.030335002578795,800,159,525000,528301.886792453,9.17481600112124,TRUE,NA
"CSR",5,103123,222,333,525000,106252,26314,0.0138826679904014,333,62,525000,563951.612903226,14.1458304635712,TRUE,NA
"CSR",5,103123,222,800,525000,106252,26314,0.0317356111481786,800,165,525000,509090.909090909,9.04932193589579,TRUE,NA
"CSR",5,103123,223,333,525000,105381,26095,0.0115739479660988,333,72,525000,485625,13.3305320903684,TRUE,NA
"CSR",5,103123,223,800,525000,105381,26095,0.0312488779891282,800,163,525000,515337.423312883,9.09031683413498,TRUE,NA
"CSR",5,103123,224,333,525000,103589,26161,0.0132297861855477,333,83,525000,421265.060240964,12.6212568563633,TRUE,NA
"CSR",5,103123,224,800,525000,103589,26161,0.0300355395302176,800,167,525000,502994.011976048,9.00912905970284,TRUE,NA
"CSR",5,103123,225,333,525000,106792,26406,0.0125857742968947,333,56,525000,624375,14.7440030349591,TRUE,NA
"CSR",5,103123,225,800,525000,106792,26406,0.029251781059429,800,143,525000,587412.587412587,9.55061447360817,TRUE,NA
"CSR",5,103123,226,333,525000,106939,26115,0.0129649399314076,333,75,525000,466200,13.1205003813417,TRUE,NA
"CSR",5,103123,226,800,525000,106939,26115,0.0312123044859618,800,170,525000,494117.647058824,8.95029029167148,TRUE,NA
"CSR",5,103123,227,333,525000,111222,26229,0.0137546705082059,333,64,525000,546328.125,13.9665384732028,TRUE,NA
"CSR",5,103123,227,800,525000,111222,26229,0.0316707952879369,800,165,525000,509090.909090909,9.04932193589579,TRUE,NA
"CSR",5,103123,228,333,525000,106498,26146,0.0131432346533984,333,69,525000,506739.130434783,13.5551367811372,TRUE,NA
"CSR",5,103123,228,800,525000,106498,26146,0.031604866264388,800,160,525000,525000,9.15336915531238,TRUE,NA
"CSR",5,103123,229,333,525000,103850,26220,0.0111602514516562,333,62,525000,563951.612903226,14.1458304635712,TRUE,NA
"CSR",5,103123,229,800,525000,103850,26220,0.0288242993410677,800,141,525000,595744.680851064,9.60240348605634,TRUE,NA
"CSR",5,103123,230,333,525000,103222,26468,0.0136406011879444,333,71,525000,492464.788732394,13.4037034936613,TRUE,NA
"CSR",5,103123,230,800,525000,103222,26468,0.0321361271198839,800,183,525000,459016.393442623,8.71372340831366,TRUE,NA
"CSR",5,103123,231,333,525000,103817,26154,0.0133633553050458,333,53,525000,659716.981132075,15.0828857386931,TRUE,NA
"CSR",5,103123,231,800,525000,103817,26154,0.0306858054827899,800,142,525000,591549.295774648,9.57636163188774,TRUE,NA
"CSR",5,103123,232,333,525000,110882,26202,0.0125769923906773,333,81,525000,431666.666666667,12.738562989871,TRUE,NA
"CSR",5,103123,232,800,525000,110882,26202,0.0300329269375652,800,190,525000,442105.263157895,8.59742669877403,TRUE,NA
"CSR",5,103123,233,333,525000,110391,26598,0.0136094018816948,333,62,525000,563951.612903226,14.1458304635712,TRUE,NA
"CSR",5,103123,233,800,525000,110391,26598,0.0296348189003766,800,153,525000,549019.607843137,9.30825676577559,TRUE,NA
"CSR",5,103123,234,333,525000,106288,26138,0.0125553158577532,333,69,525000,506739.130434783,13.5551367811372,TRUE,NA
"CSR",5,103123,234,800,525000,106288,26138,0.0307127414271235,800,174,525000,482758.620689655,8.87442568627627,TRUE,NA
"CSR",5,103123,235,333,525000,109846,26009,0.0131256659515202,333,82,525000,426402.43902439,12.6793302834041,TRUE,NA
"CSR",5,103123,235,800,525000,109846,26009,0.0301260778214782,800,167,525000,502994.011976048,9.00912905970284,TRUE,NA
"CSR",5,103123,236,333,525000,108005,26318,0.0132633077446371,333,83,525000,421265.060240964,12.6212568563633,TRUE,NA
"CSR",5,103123,236,800,525000,108005,26318,0.0314487984869629,800,169,525000,497041.420118343,8.96971373715795,TRUE,NA
"CSR",5,103123,237,333,525000,103126,26190,0.0136297675780952,333,69,525000,506739.130434783,13.5551367811372,TRUE,NA
"CSR",5,103123,237,800,525000,103126,26190,0.0316282941494137,800,176,525000,477272.727272727,8.83755332157073,TRUE,NA
"CSR",5,103123,238,333,525000,105640,25907,0.0121386023238301,333,62,525000,563951.612903226,14.1458304635712,TRUE,NA
"CSR",5,103123,238,800,525000,105640,25907,0.0298437289893627,800,160,525000,525000,9.15336915531238,TRUE,NA
"CSR",5,103123,239,333,525000,106393,26179,0.0133687960915267,333,70,525000,499500,13.478551100938,TRUE,NA
"CSR",5,103123,239,800,525000,106393,26179,0.0300455552060157,800,153,525000,549019.607843137,9.30825676577559,TRUE,NA
"CSR",5,103123,240,333,525000,104873,26119,0.0142137496732175,333,66,525000,529772.727272727,13.7959903029324,TRUE,NA
"CSR",5,103123,240,800,525000,104873,26119,0.0321333312895149,800,163,525000,515337.423312883,9.09031683413498,TRUE,NA
"CSR",5,103123,241,333,525000,107543,26421,0.0121750249527395,333,47,525000,743936.170212766,15.8612784595146,TRUE,NA
"CSR",5,103123,241,800,525000,107543,26421,0.0279687645379454,800,139,525000,604316.54676259,9.65539294573709,TRUE,NA
"CSR",5,103123,242,333,525000,101452,26203,0.0129129886627197,333,64,525000,546328.125,13.9665384732028,TRUE,NA
"CSR",5,103123,242,800,525000,101452,26203,0.0297574282158166,800,138,525000,608695.652173913,9.68235172927353,TRUE,NA
"CSR",5,103123,243,333,525000,101642,25931,0.012605941388756,333,56,525000,624375,14.7440030349591,TRUE,NA
"CSR",5,103123,243,800,525000,101642,25931,0.0298122223466635,800,156,525000,538461.538461538,9.24049408830438,TRUE,NA
"CSR",5,103123,244,333,525000,103806,26098,0.0131354874465615,333,69,525000,506739.130434783,13.5551367811372,TRUE,NA
"CSR",5,103123,244,800,525000,103806,26098,0.0300264477264136,800,166,525000,506024.096385542,9.02912679880207,TRUE,NA
"CSR",5,103123,245,333,525000,103379,26194,0.0120002508629113,333,48,525000,728437.5,15.7209265075818,TRUE,NA
"CSR",5,103123,245,800,525000,103379,26194,0.028778420528397,800,130,525000,646153.846153846,9.90995680194929,TRUE,NA
"CSR",5,103123,246,333,525000,104249,26249,0.0119307420682162,333,69,525000,506739.130434783,13.5551367811372,TRUE,NA
"CSR",5,103123,246,800,525000,104249,26249,0.0287253046408296,800,138,525000,608695.652173913,9.68235172927353,TRUE,NA
"CSR",5,103123,247,333,525000,103096,26269,0.0123590843286365,333,79,525000,442594.936708861,12.860656103188,TRUE,NA
"CSR",5,103123,247,800,525000,103096,26269,0.0297381998971105,800,169,525000,497041.420118343,8.96971373715795,TRUE,NA
"CSR",5,103123,248,333,525000,104079,26254,0.0132202729582787,333,80,525000,437062.5,12.7989920276346,TRUE,NA
"CSR",5,103123,248,800,525000,104079,26254,0.0309852443169802,800,178,525000,471910.112359551,8.80136024568492,TRUE,NA
"CSR",5,103123,249,333,525000,105403,26459,0.0120871546678245,333,73,525000,478972.602739726,13.2589780259761,TRUE,NA
"CSR",5,103123,249,800,525000,105403,26459,0.0295660505071282,800,167,525000,502994.011976048,9.00912905970284,TRUE,NA
"CSR",5,103123,250,333,525000,105344,26363,0.0130949669983238,333,71,525000,492464.788732394,13.4037034936613,TRUE,NA
"CSR",5,103123,250,800,525000,105344,26363,0.0310477681923658,800,155,525000,541935.483870968,9.26284491534227,TRUE,NA
"CSR",5,103123,251,333,525000,105804,26437,0.0116484891623259,333,57,525000,613421.052631579,14.6373765892212,TRUE,NA
"CSR",5,103123,251,800,525000,105804,26437,0.0297397354152054,800,165,525000,509090.909090909,9.04932193589579,TRUE,NA
"CSR",5,103123,252,333,525000,106564,26294,0.0121009256690741,333,59,525000,592627.118644068,14.4328002254304,TRUE,NA
"CSR",5,103123,252,800,525000,106564,26294,0.030919790500775,800,161,525000,521739.130434783,9.13213929677269,TRUE,NA
"CSR",5,103123,253,333,525000,102496,26307,0.0129497365560383,333,66,525000,529772.727272727,13.7959903029324,TRUE,NA
"CSR",5,103123,253,800,525000,102496,26307,0.0310051010455936,800,166,525000,506024.096385542,9.02912679880207,TRUE,NA
"CSR",5,103123,254,333,525000,100674,26392,0.011132727144286,333,57,525000,613421.052631579,14.6373765892212,TRUE,NA
"CSR",5,103123,254,800,525000,100674,26392,0.0286285544279963,800,155,525000,541935.483870968,9.26284491534227,TRUE,NA
"CSR",5,103123,255,333,525000,99204,25888,0.0119546584319323,333,48,525000,728437.5,15.7209265075818,TRUE,NA
"CSR",5,103123,255,800,525000,99204,25888,0.0299597466364503,800,151,525000,556291.390728477,9.35464229440858,TRUE,NA
"CSR",5,103123,256,333,525000,102146,26105,0.0131432490888983,333,79,525000,442594.936708861,12.860656103188,TRUE,NA
"CSR",5,103123,256,800,525000,102146,26105,0.0321017475798726,800,173,525000,485549.132947977,8.89312291051442,TRUE,NA
"CSR",5,103123,257,333,525000,104763,26096,0.0126991327852011,333,61,525000,573196.721311475,14.2389825181774,TRUE,NA
"CSR",5,103123,257,800,525000,104763,26096,0.0292262353468686,800,147,525000,571428.571428571,9.45046971201844,TRUE,NA
"CSR",5,103123,258,333,525000,102134,26067,0.0128135406412184,333,65,525000,537923.076923077,13.8802143632441,TRUE,NA
"CSR",5,103123,258,800,525000,102134,26067,0.0303071243688464,800,143,525000,587412.587412587,9.55061447360817,TRUE,NA
"CSR",5,103123,259,333,525000,104526,26257,0.0123575192410499,333,74,525000,472500,13.1889852550751,TRUE,NA
"CSR",5,103123,259,800,525000,104526,26257,0.0305051440373063,800,158,525000,531645.569620253,9.19648335691042,TRUE,NA
"CSR",5,103123,260,333,525000,105484,26206,0.0117728426121175,333,53,525000,659716.981132075,15.0828857386931,TRUE,NA
"CSR",5,103123,260,800,525000,105484,26206,0.0296223748009652,800,153,525000,549019.607843137,9.30825676577559,TRUE,NA
"CSR",5,103123,261,333,525000,107256,26349,0.0131897213868797,333,62,525000,563951.612903226,14.1458304635712,TRUE,NA
"CSR",5,103123,261,800,525000,107256,26349,0.0310006069485098,800,169,525000,497041.420118343,8.96971373715795,TRUE,NA
"CSR",5,103123,262,333,525000,103296,26401,0.0126316207461059,333,67,525000,521865.671641791,13.7137860660992,TRUE,NA
"CSR",5,103123,262,800,525000,103296,26401,0.0299735513981432,800,159,525000,528301.886792453,9.17481600112124,TRUE,NA
"CSR",5,103123,263,333,525000,102584,26338,0.0134175524581224,333,74,525000,472500,13.1889852550751,TRUE,NA
"CSR",5,103123,263,800,525000,102584,26338,0.031658785417676,800,157,525000,535031.847133758,9.21837482473715,TRUE,NA
"CSR",5,103123,264,333,525000,107445,26370,0.0126357357949018,333,68,525000,514191.176470588,13.633525606125,TRUE,NA
"CSR",5,103123,264,800,525000,107445,26370,0.0314186993055046,800,162,525000,518518.518518519,9.11112297991595,TRUE,NA
"CSR",5,103123,265,333,525000,105386,26447,0.0129388365894556,333,74,525000,472500,13.1889852550751,TRUE,NA
"CSR",5,103123,265,800,525000,105386,26447,0.0314248888753355,800,171,525000,491228.070175439,8.93105251676233,TRUE,NA
"CSR",5,103123,266,333,525000,100004,26151,0.0130762583576143,333,71,525000,492464.788732394,13.4037034936613,TRUE,NA
"CSR",5,103123,266,800,525000,100004,26151,0.0302302930504084,800,166,525000,506024.096385542,9.02912679880207,TRUE,NA
"CSR",5,103123,267,333,525000,103827,26209,0.0122737779747695,333,82,525000,426402.43902439,12.6793302834041,TRUE,NA
"CSR",5,103123,267,800,525000,103827,26209,0.0287722756620497,800,169,525000,497041.420118343,8.96971373715795,TRUE,NA
"CSR",5,103123,268,333,525000,105343,26023,0.0137129134964198,333,61,525000,573196.721311475,14.2389825181774,TRUE,NA
"CSR",5,103123,268,800,525000,105343,26023,0.030426561133936,800,154,525000,545454.545454545,9.28543116007485,TRUE,NA
"CSR",5,103123,269,333,525000,106110,26593,0.0133346142247319,333,74,525000,472500,13.1889852550751,TRUE,NA
"CSR",5,103123,269,800,525000,106110,26593,0.0305378218181431,800,170,525000,494117.647058824,8.95029029167148,TRUE,NA
"CSR",5,103123,270,333,525000,102408,26485,0.0129798189736903,333,55,525000,635727.272727273,14.853699160197,TRUE,NA
"CSR",5,103123,270,800,525000,102408,26485,0.0311566346790642,800,140,525000,6e+05,9.62874541786184,TRUE,NA
"CSR",5,103123,271,333,525000,103352,26298,0.0120023819617927,333,66,525000,529772.727272727,13.7959903029324,TRUE,NA
"CSR",5,103123,271,800,525000,103352,26298,0.0289967346470803,800,144,525000,583333.333333333,9.52515676185271,TRUE,NA
"CSR",5,103123,272,333,525000,102294,26387,0.0132633794564754,333,75,525000,466200,13.1205003813417,TRUE,NA
"CSR",5,103123,272,800,525000,102294,26387,0.0303115420974791,800,163,525000,515337.423312883,9.09031683413498,TRUE,NA
"CSR",5,103123,273,333,525000,107425,26240,0.0127061766106635,333,77,525000,454090.909090909,12.9878530478899,TRUE,NA
"CSR",5,103123,273,800,525000,107425,26240,0.0301229178439826,800,178,525000,471910.112359551,8.80136024568492,TRUE,NA
"CSR",5,103123,274,333,525000,103654,26557,0.0125197267625481,333,54,525000,647500,14.96660890478,TRUE,NA
"CSR",5,103123,274,800,525000,103654,26557,0.0315380042884499,800,152,525000,552631.578947368,9.33132576741561,TRUE,NA
"CSR",5,103123,275,333,525000,106823,26446,0.0129789346829057,333,65,525000,537923.076923077,13.8802143632441,TRUE,NA
"CSR",5,103123,275,800,525000,106823,26446,0.0305178153794259,800,143,525000,587412.587412587,9.55061447360817,TRUE,NA
"CSR",5,103123,276,333,525000,104171,26634,0.0125336444471031,333,75,525000,466200,13.1205003813417,TRUE,NA
"CSR",5,103123,276,800,525000,104171,26634,0.0302270776592195,800,169,525000,497041.420118343,8.96971373715795,TRUE,NA
"CSR",5,103123,277,333,525000,106516,26425,0.0117996397893876,333,57,525000,613421.052631579,14.6373765892212,TRUE,NA
"CSR",5,103123,277,800,525000,106516,26425,0.0296999148558825,800,157,525000,535031.847133758,9.21837482473715,TRUE,NA
"CSR",5,103123,278,333,525000,101956,26068,0.0127538796514273,333,72,525000,485625,13.3305320903684,TRUE,NA
"CSR",5,103123,278,800,525000,101956,26068,0.0294860794674605,800,149,525000,563758.389261745,9.4020349315005,TRUE,NA
"CSR",5,103123,279,333,525000,105422,26343,0.0130486423149705,333,69,525000,506739.130434783,13.5551367811372,TRUE,NA
"CSR",5,103123,279,800,525000,105422,26343,0.031386966118589,800,163,525000,515337.423312883,9.09031683413498,TRUE,NA
"CSR",5,103123,280,333,525000,104663,26246,0.0128440295811743,333,78,525000,448269.230769231,12.9235956733636,TRUE,NA
"CSR",5,103123,280,800,525000,104663,26246,0.0314888672437519,800,164,525000,512195.12195122,9.06971756172824,TRUE,NA
"CSR",5,103123,281,333,525000,104762,26287,0.0127696846611798,333,61,525000,573196.721311475,14.2389825181774,TRUE,NA
"CSR",5,103123,281,800,525000,104762,26287,0.0316918140742928,800,147,525000,571428.571428571,9.45046971201844,TRUE,NA
"CSR",5,103123,282,333,525000,103360,26327,0.0117344234604388,333,59,525000,592627.118644068,14.4328002254304,TRUE,NA
"CSR",5,103123,282,800,525000,103360,26327,0.031378538813442,800,168,525000,5e+05,8.98932569313369,TRUE,NA
"CSR",5,103123,283,333,525000,107647,26499,0.0130440406501293,333,68,525000,514191.176470588,13.633525606125,TRUE,NA
"CSR",5,103123,283,800,525000,107647,26499,0.0323990455362946,800,174,525000,482758.620689655,8.87442568627627,TRUE,NA
"CSR",5,103123,284,333,525000,102322,26265,0.0123413384426385,333,59,525000,592627.118644068,14.4328002254304,TRUE,NA
"CSR",5,103123,284,800,525000,102322,26265,0.0291099641472101,800,133,525000,631578.947368421,9.82202305119653,TRUE,NA
"CSR",5,103123,285,333,525000,110268,26399,0.0140549449715763,333,85,525000,411352.941176471,12.5084473755532,TRUE,NA
"CSR",5,103123,285,800,525000,110268,26399,0.032102205324918,800,187,525000,449197.860962567,8.6463924686716,TRUE,NA
"CSR",5,103123,286,333,525000,101311,26326,0.0125907885376364,333,78,525000,448269.230769231,12.9235956733636,TRUE,NA
"CSR",5,103123,286,800,525000,101311,26326,0.032144810538739,800,156,525000,538461.538461538,9.24049408830438,TRUE,NA
"CSR",5,103123,287,333,525000,101846,26270,0.0130297038704157,333,70,525000,499500,13.478551100938,TRUE,NA
"CSR",5,103123,287,800,525000,101846,26270,0.0306980363093317,800,154,525000,545454.545454545,9.28543116007485,TRUE,NA
"CSR",5,103123,288,333,525000,102388,25907,0.0131941207218915,333,57,525000,613421.052631579,14.6373765892212,TRUE,NA
"CSR",5,103123,288,800,525000,102388,25907,0.0328082577325404,800,179,525000,469273.74301676,8.78351232031546,TRUE,NA
"CSR",5,103123,289,333,525000,101905,26178,0.0126877711154521,333,64,525000,546328.125,13.9665384732028,TRUE,NA
"CSR",5,103123,289,800,525000,101905,26178,0.0309201432392001,800,156,525000,538461.538461538,9.24049408830438,TRUE,NA
"CSR",5,103123,290,333,525000,104094,26212,0.0122412133496255,333,77,525000,454090.909090909,12.9878530478899,TRUE,NA
"CSR",5,103123,290,800,525000,104094,26212,0.0298888483084738,800,172,525000,488372.093023256,8.91199763112317,TRUE,NA
"CSR",5,103123,291,333,525000,106674,26476,0.0130221787840128,333,69,525000,506739.130434783,13.5551367811372,TRUE,NA
"CSR",5,103123,291,800,525000,106674,26476,0.0306457760743797,800,161,525000,521739.130434783,9.13213929677269,TRUE,NA
"CSR",5,103123,292,333,525000,101265,26313,0.0126306279562414,333,72,525000,485625,13.3305320903684,TRUE,NA
"CSR",5,103123,292,800,525000,101265,26313,0.0297427489422262,800,148,525000,567567.567567568,9.42611979878208,TRUE,NA
"CSR",5,103123,293,333,525000,105768,26353,0.0112267448566854,333,53,525000,659716.981132075,15.0828857386931,TRUE,NA
"CSR",5,103123,293,800,525000,105768,26353,0.0313670195173472,800,165,525000,509090.909090909,9.04932193589579,TRUE,NA
"CSR",5,103123,294,333,525000,104416,26208,0.0128253921866417,333,54,525000,647500,14.96660890478,TRUE,NA
"CSR",5,103123,294,800,525000,104416,26208,0.0317143702413887,800,151,525000,556291.390728477,9.35464229440858,TRUE,NA
"CSR",5,103123,295,333,525000,109098,26284,0.0127330403774977,333,85,525000,411352.941176471,12.5084473755532,TRUE,NA
"CSR",5,103123,295,800,525000,109098,26284,0.0299848814029247,800,182,525000,461538.461538462,8.7309347631556,TRUE,NA
"CSR",5,103123,296,333,525000,105932,26477,0.0126085442025214,333,58,525000,602844.827586207,14.5336846679327,TRUE,NA
"CSR",5,103123,296,800,525000,105932,26477,0.0308871795423329,800,157,525000,535031.847133758,9.21837482473715,TRUE,NA
"CSR",5,103123,297,333,525000,100214,26009,0.013279807055369,333,65,525000,537923.076923077,13.8802143632441,TRUE,NA
"CSR",5,103123,297,800,525000,100214,26009,0.0313863905612379,800,147,525000,571428.571428571,9.45046971201844,TRUE,NA
"CSR",5,103123,298,333,525000,106301,26077,0.012128567090258,333,64,525000,546328.125,13.9665384732028,TRUE,NA
"CSR",5,103123,298,800,525000,106301,26077,0.0303372906055301,800,140,525000,6e+05,9.62874541786184,TRUE,NA
"CSR",5,103123,299,333,525000,105123,26297,0.0113640711642802,333,57,525000,613421.052631579,14.6373765892212,TRUE,NA
"CSR",5,103123,299,800,525000,105123,26297,0.029446215601638,800,149,525000,563758.389261745,9.4020349315005,TRUE,NA
"CSR",5,103123,300,333,525000,104543,26288,0.0115621231961995,333,64,525000,546328.125,13.9665384732028,TRUE,NA
"CSR",5,103123,300,800,525000,104543,26288,0.0288447381462902,800,159,525000,528301.886792453,9.17481600112124,TRUE,NA
"CSR",5,103123,301,333,525000,107142,26382,0.0127153028734028,333,71,525000,492464.788732394,13.4037034936613,TRUE,NA
"CSR",5,103123,301,800,525000,107142,26382,0.0306543961632997,800,169,525000,497041.420118343,8.96971373715795,TRUE,NA
"CSR",5,103123,302,333,525000,104181,26354,0.0125441658310592,333,49,525000,713571.428571429,15.5851156420642,TRUE,NA
"CSR",5,103123,302,800,525000,104181,26354,0.0301727715414017,800,159,525000,528301.886792453,9.17481600112124,TRUE,NA
"CSR",5,103123,303,333,525000,98158,26350,0.0118049336597323,333,62,525000,563951.612903226,14.1458304635712,TRUE,NA
"CSR",5,103123,303,800,525000,98158,26350,0.0301627060398459,800,153,525000,549019.607843137,9.30825676577559,TRUE,NA
"CSR",5,103123,304,333,525000,105368,26404,0.0123176821507514,333,63,525000,555000,14.0550473372953,TRUE,NA
"CSR",5,103123,304,800,525000,105368,26404,0.0297495343256742,800,177,525000,474576.271186441,8.81937310893847,TRUE,NA
"CSR",5,103123,305,333,525000,107245,26434,0.0136578236706555,333,63,525000,555000,14.0550473372953,TRUE,NA
"CSR",5,103123,305,800,525000,107245,26434,0.0313260813709348,800,173,525000,485549.132947977,8.89312291051442,TRUE,NA
"CSR",5,103123,306,333,525000,105921,26202,0.0125964428298175,333,71,525000,492464.788732394,13.4037034936613,TRUE,NA
"CSR",5,103123,306,800,525000,105921,26202,0.0306764575652778,800,177,525000,474576.271186441,8.81937310893847,TRUE,NA
"CSR",5,103123,307,333,525000,107522,26022,0.012112814001739,333,60,525000,582750,14.3346037123501,TRUE,NA
"CSR",5,103123,307,800,525000,107522,26022,0.0289155798964202,800,172,525000,488372.093023256,8.91199763112317,TRUE,NA
"CSR",5,103123,308,333,525000,106475,26527,0.0128420763649046,333,57,525000,613421.052631579,14.6373765892212,TRUE,NA
"CSR",5,103123,308,800,525000,106475,26527,0.029614420607686,800,138,525000,608695.652173913,9.68235172927353,TRUE,NA
"CSR",5,103123,309,333,525000,100324,26212,0.0122115768026561,333,58,525000,602844.827586207,14.5336846679327,TRUE,NA
"CSR",5,103123,309,800,525000,100324,26212,0.0300432732328773,800,148,525000,567567.567567568,9.42611979878208,TRUE,NA
"CSR",5,103123,310,333,525000,103649,26068,0.0114089085254818,333,52,525000,672403.846153846,15.2026934860618,TRUE,NA
"CSR",5,103123,310,800,525000,103649,26068,0.0298863840289414,800,140,525000,6e+05,9.62874541786184,TRUE,NA
"CSR",5,103123,311,333,525000,100057,26221,0.012342581525445,333,69,525000,506739.130434783,13.5551367811372,TRUE,NA
"CSR",5,103123,311,800,525000,100057,26221,0.0299424007534981,800,178,525000,471910.112359551,8.80136024568492,TRUE,NA
"CSR",5,103123,312,333,525000,110118,26459,0.0119890582282096,333,68,525000,514191.176470588,13.633525606125,TRUE,NA
"CSR",5,103123,312,800,525000,110118,26459,0.0312352075707167,800,160,525000,525000,9.15336915531238,TRUE,NA
"CSR",5,103123,313,333,525000,105897,26365,0.0126265631988645,333,59,525000,592627.118644068,14.4328002254304,TRUE,NA
"CSR",5,103123,313,800,525000,105897,26365,0.0316228023730218,800,152,525000,552631.578947368,9.33132576741561,TRUE,NA
"CSR",5,103123,314,333,525000,102984,26378,0.0136485372204334,333,57,525000,613421.052631579,14.6373765892212,TRUE,NA
"CSR",5,103123,314,800,525000,102984,26378,0.0321750014554709,800,152,525000,552631.578947368,9.33132576741561,TRUE,NA
"CSR",5,103123,315,333,525000,107635,26535,0.0136280625592917,333,96,525000,364218.75,11.9574605828378,TRUE,NA
"CSR",5,103123,315,800,525000,107635,26535,0.0313248205929995,800,188,525000,446808.510638298,8.6299279403206,TRUE,NA
"CSR",5,103123,316,333,525000,105408,26365,0.0130883632227778,333,69,525000,506739.130434783,13.5551367811372,TRUE,NA
"CSR",5,103123,316,800,525000,105408,26365,0.0306068470235914,800,158,525000,531645.569620253,9.19648335691042,TRUE,NA
"CSR",5,103123,317,333,525000,101871,26253,0.0123592868912965,333,71,525000,492464.788732394,13.4037034936613,TRUE,NA
"CSR",5,103123,317,800,525000,101871,26253,0.0306568176019937,800,169,525000,497041.420118343,8.96971373715795,TRUE,NA
"CSR",5,103123,318,333,525000,105542,26258,0.0129086605738848,333,62,525000,563951.612903226,14.1458304635712,TRUE,NA
"CSR",5,103123,318,800,525000,105542,26258,0.0307848490774632,800,157,525000,535031.847133758,9.21837482473715,TRUE,NA
"CSR",5,103123,319,333,525000,107670,26012,0.0116542568430305,333,51,525000,685588.235294118,15.3262072378003,TRUE,NA
"CSR",5,103123,319,800,525000,107670,26012,0.0279632245656103,800,146,525000,575342.465753425,9.47508931769804,TRUE,NA
"CSR",5,103123,320,333,525000,105007,26354,0.0148156587965786,333,87,525000,401896.551724138,12.3998679694215,TRUE,NA
"CSR",5,103123,320,800,525000,105007,26354,0.0326663642190397,800,183,525000,459016.393442623,8.71372340831366,TRUE,NA
"CSR",5,103123,321,333,525000,104724,26296,0.0138133112341166,333,78,525000,448269.230769231,12.9235956733636,TRUE,NA
"CSR",5,103123,321,800,525000,104724,26296,0.0299349324777722,800,165,525000,509090.909090909,9.04932193589579,TRUE,NA
"CSR",5,103123,322,333,525000,106210,26220,0.0138513825368136,333,76,525000,460065.789473684,13.0534724993725,TRUE,NA
"CSR",5,103123,322,800,525000,106210,26220,0.0317520601674914,800,164,525000,512195.12195122,9.06971756172824,TRUE,NA
"CSR",5,103123,323,333,525000,102347,26247,0.0118369290139526,333,59,525000,592627.118644068,14.4328002254304,TRUE,NA
"CSR",5,103123,323,800,525000,102347,26247,0.0288570818956941,800,132,525000,636363.636363636,9.85097673588766,TRUE,NA
"CSR",5,103123,324,333,525000,104965,26292,0.012136917328462,333,73,525000,478972.602739726,13.2589780259761,TRUE,NA
"CSR",5,103123,324,800,525000,104965,26292,0.0300830646883696,800,171,525000,491228.070175439,8.93105251676233,TRUE,NA
"CSR",5,103123,325,333,525000,101779,26143,0.0122065832838416,333,66,525000,529772.727272727,13.7959903029324,TRUE,NA
"CSR",5,103123,325,800,525000,101779,26143,0.0289791352115571,800,141,525000,595744.680851064,9.60240348605634,TRUE,NA
"CSR",5,103123,326,333,525000,106703,26036,0.0129410545341671,333,79,525000,442594.936708861,12.860656103188,TRUE,NA
"CSR",5,103123,326,800,525000,106703,26036,0.0324653231073171,800,178,525000,471910.112359551,8.80136024568492,TRUE,NA
"CSR",5,103123,327,333,525000,99276,26172,0.0131055894307792,333,62,525000,563951.612903226,14.1458304635712,TRUE,NA
"CSR",5,103123,327,800,525000,99276,26172,0.031467845197767,800,135,525000,622222.222222222,9.76515442619819,TRUE,NA
"CSR",5,103123,328,333,525000,109001,26334,0.0123211892787367,333,75,525000,466200,13.1205003813417,TRUE,NA
"CSR",5,103123,328,800,525000,109001,26334,0.0293404355179518,800,161,525000,521739.130434783,9.13213929677269,TRUE,NA
"CSR",5,103123,329,333,525000,97537,26436,0.0134582489263266,333,69,525000,506739.130434783,13.5551367811372,TRUE,NA
"CSR",5,103123,329,800,525000,97537,26436,0.0309748144354671,800,139,525000,604316.54676259,9.65539294573709,TRUE,NA
"CSR",5,103123,330,333,525000,98205,26252,0.0114421749021858,333,57,525000,613421.052631579,14.6373765892212,TRUE,NA
"CSR",5,103123,330,800,525000,98205,26252,0.0288243726827204,800,140,525000,6e+05,9.62874541786184,TRUE,NA
"CSR",5,103123,331,333,525000,104884,26178,0.0126559620257467,333,62,525000,563951.612903226,14.1458304635712,TRUE,NA
"CSR",5,103123,331,800,525000,104884,26178,0.0300879355054349,800,146,525000,575342.465753425,9.47508931769804,TRUE,NA
"CSR",5,103123,332,333,525000,104472,26090,0.0129701846744865,333,77,525000,454090.909090909,12.9878530478899,TRUE,NA
"CSR",5,103123,332,800,525000,104472,26090,0.0319758090190589,800,182,525000,461538.461538462,8.7309347631556,TRUE,NA
"CSR",5,103123,333,333,525000,107633,26267,0.0119923450984061,333,68,525000,514191.176470588,13.633525606125,TRUE,NA
"CSR",5,103123,333,800,525000,107633,26267,0.029286073287949,800,159,525000,528301.886792453,9.17481600112124,TRUE,NA
"CSR",5,103123,334,333,525000,95562,26119,0.0121905191335827,333,47,525000,743936.170212766,15.8612784595146,TRUE,NA
"CSR",5,103123,334,800,525000,95562,26119,0.0312259553465992,800,136,525000,617647.058823529,9.7372264355991,TRUE,NA
"CSR",5,103123,335,333,525000,102239,26182,0.0117086481768638,333,59,525000,592627.118644068,14.4328002254304,TRUE,NA
"CSR",5,103123,335,800,525000,102239,26182,0.0288475647103041,800,150,525000,560000,9.37821057345647,TRUE,NA
"CSR",5,103123,336,333,525000,104297,26130,0.0123363805469126,333,75,525000,466200,13.1205003813417,TRUE,NA
"CSR",5,103123,336,800,525000,104297,26130,0.0286998902447522,800,180,525000,466666.666666667,8.76582696891626,TRUE,NA
"CSR",5,103123,337,333,525000,106482,26459,0.0130996108055115,333,58,525000,602844.827586207,14.5336846679327,TRUE,NA
"CSR",5,103123,337,800,525000,106482,26459,0.0301964243408293,800,153,525000,549019.607843137,9.30825676577559,TRUE,NA
"CSR",5,103123,338,333,525000,105757,26410,0.0127642487641424,333,65,525000,537923.076923077,13.8802143632441,TRUE,NA
"CSR",5,103123,338,800,525000,105757,26410,0.0298832822591066,800,165,525000,509090.909090909,9.04932193589579,TRUE,NA
"CSR",5,103123,339,333,525000,105248,26246,0.0130099745001644,333,59,525000,592627.118644068,14.4328002254304,TRUE,NA
"CSR",5,103123,339,800,525000,105248,26246,0.0312678616028279,800,158,525000,531645.569620253,9.19648335691042,TRUE,NA
"CSR",5,103123,340,333,525000,101127,26308,0.0123636943753809,333,82,525000,426402.43902439,12.6793302834041,TRUE,NA
"CSR",5,103123,340,800,525000,101127,26308,0.0315133046824485,800,181,525000,464088.397790055,8.74830187396128,TRUE,NA
"CSR",5,103123,341,333,525000,105303,26249,0.0121305165812373,333,67,525000,521865.671641791,13.7137860660992,TRUE,NA
"CSR",5,103123,341,800,525000,105303,26249,0.0297229336574674,800,165,525000,509090.909090909,9.04932193589579,TRUE,NA
"CSR",5,103123,342,333,525000,108744,26255,0.0119309453293681,333,65,525000,537923.076923077,13.8802143632441,TRUE,NA
"CSR",5,103123,342,800,525000,108744,26255,0.0298107161652297,800,150,525000,560000,9.37821057345647,TRUE,NA
"CSR",5,103123,343,333,525000,106281,26300,0.0125305848196149,333,58,525000,602844.827586207,14.5336846679327,TRUE,NA
"CSR",5,103123,343,800,525000,106281,26300,0.0322757314424962,800,163,525000,515337.423312883,9.09031683413498,TRUE,NA
"CSR",5,103123,344,333,525000,106702,26296,0.0120376937557012,333,60,525000,582750,14.3346037123501,TRUE,NA
"CSR",5,103123,344,800,525000,106702,26296,0.0310346430633217,800,158,525000,531645.569620253,9.19648335691042,TRUE,NA
"CSR",5,103123,345,333,525000,107909,26086,0.0126710738986731,333,73,525000,478972.602739726,13.2589780259761,TRUE,NA
"CSR",5,103123,345,800,525000,107909,26086,0.0312121384777129,800,159,525000,528301.886792453,9.17481600112124,TRUE,NA
"CSR",5,103123,346,333,525000,104055,26041,0.0133242446463555,333,65,525000,537923.076923077,13.8802143632441,TRUE,NA
"CSR",5,103123,346,800,525000,104055,26041,0.0322886821813881,800,182,525000,461538.461538462,8.7309347631556,TRUE,NA
"CSR",5,103123,347,333,525000,110844,26227,0.0133232593070716,333,68,525000,514191.176470588,13.633525606125,TRUE,NA
"CSR",5,103123,347,800,525000,110844,26227,0.0307324065361172,800,162,525000,518518.518518519,9.11112297991595,TRUE,NA
"CSR",5,103123,348,333,525000,109613,26468,0.0123640107922256,333,83,525000,421265.060240964,12.6212568563633,TRUE,NA
"CSR",5,103123,348,800,525000,109613,26468,0.0306218005716801,800,190,525000,442105.263157895,8.59742669877403,TRUE,NA
"CSR",5,103123,349,333,525000,102893,26224,0.0129432475659996,333,70,525000,499500,13.478551100938,TRUE,NA
"CSR",5,103123,349,800,525000,102893,26224,0.0303248239215463,800,181,525000,464088.397790055,8.74830187396128,TRUE,NA
"CSR",5,103123,350,333,525000,103125,26586,0.0120617095381021,333,47,525000,743936.170212766,15.8612784595146,TRUE,NA
"CSR",5,103123,350,800,525000,103125,26586,0.0290762935765088,800,143,525000,587412.587412587,9.55061447360817,TRUE,NA
"CSR",5,103123,351,333,525000,100848,26465,0.0121587184257805,333,56,525000,624375,14.7440030349591,TRUE,NA
"CSR",5,103123,351,800,525000,100848,26465,0.0303639541380107,800,144,525000,583333.333333333,9.52515676185271,TRUE,NA
"CSR",5,103123,352,333,525000,105989,26501,0.0125134487170726,333,65,525000,537923.076923077,13.8802143632441,TRUE,NA
"CSR",5,103123,352,800,525000,105989,26501,0.0282840318977833,800,150,525000,560000,9.37821057345647,TRUE,NA
"CSR",5,103123,353,333,525000,104681,25995,0.0121290227398276,333,64,525000,546328.125,13.9665384732028,TRUE,NA
"CSR",5,103123,353,800,525000,104681,25995,0.0299347045365721,800,169,525000,497041.420118343,8.96971373715795,TRUE,NA
"CSR",5,103123,354,333,525000,107271,26258,0.0121074374765158,333,77,525000,454090.909090909,12.9878530478899,TRUE,NA
"CSR",5,103123,354,800,525000,107271,26258,0.0293644010089338,800,184,525000,456521.739130435,8.69666562427121,TRUE,NA
"CSR",5,103123,355,333,525000,104357,26249,0.0124008974526078,333,68,525000,514191.176470588,13.633525606125,TRUE,NA
"CSR",5,103123,355,800,525000,104357,26249,0.0316017952281982,800,161,525000,521739.130434783,9.13213929677269,TRUE,NA
"CSR",5,103123,356,333,525000,105488,26422,0.012563620461151,333,57,525000,613421.052631579,14.6373765892212,TRUE,NA
"CSR",5,103123,356,800,525000,105488,26422,0.0299746037926525,800,140,525000,6e+05,9.62874541786184,TRUE,NA
"CSR",5,103123,357,333,525000,109251,26237,0.0137329623103142,333,88,525000,397329.545454545,12.3470871285424,TRUE,NA
"CSR",5,103123,357,800,525000,109251,26237,0.0321331177838147,800,191,525000,439790.57591623,8.58138612555294,TRUE,NA
"CSR",5,103123,358,333,525000,110374,26288,0.0123657684307545,333,75,525000,466200,13.1205003813417,TRUE,NA
"CSR",5,103123,358,800,525000,110374,26288,0.0302539267577231,800,165,525000,509090.909090909,9.04932193589579,TRUE,NA
"CSR",5,103123,359,333,525000,106089,25982,0.0122449754271656,333,66,525000,529772.727272727,13.7959903029324,TRUE,NA
"CSR",5,103123,359,800,525000,106089,25982,0.0306123411282897,800,165,525000,509090.909090909,9.04932193589579,TRUE,NA
"CSR",5,103123,360,333,525000,104104,26239,0.0129971825517714,333,64,525000,546328.125,13.9665384732028,TRUE,NA
"CSR",5,103123,360,800,525000,104104,26239,0.0300763521809131,800,160,525000,525000,9.15336915531238,TRUE,NA
"CSR",5,103123,361,333,525000,98096,25972,0.0133551207836717,333,59,525000,592627.118644068,14.4328002254304,TRUE,NA
"CSR",5,103123,361,800,525000,98096,25972,0.0312051908113062,800,148,525000,567567.567567568,9.42611979878208,TRUE,NA
"CSR",5,103123,362,333,525000,101242,26215,0.0117098179180175,333,56,525000,624375,14.7440030349591,TRUE,NA
"CSR",5,103123,362,800,525000,101242,26215,0.0311260023154318,800,164,525000,512195.12195122,9.06971756172824,TRUE,NA
"CSR",5,103123,363,333,525000,105813,26288,0.0110379355028272,333,53,525000,659716.981132075,15.0828857386931,TRUE,NA
"CSR",5,103123,363,800,525000,105813,26288,0.0294500577729195,800,133,525000,631578.947368421,9.82202305119653,TRUE,NA
"CSR",5,103123,364,333,525000,110394,26338,0.0121049995068461,333,74,525000,472500,13.1889852550751,TRUE,NA
"CSR",5,103123,364,800,525000,110394,26338,0.0298770517110825,800,180,525000,466666.666666667,8.76582696891626,TRUE,NA
"CSR",5,103123,365,333,525000,105480,26100,0.012399029918015,333,59,525000,592627.118644068,14.4328002254304,TRUE,NA
"CSR",5,103123,365,800,525000,105480,26100,0.0288235670886934,800,164,525000,512195.12195122,9.06971756172824,TRUE,NA
"CSR",5,103123,366,333,525000,103617,26134,0.012201827019453,333,67,525000,521865.671641791,13.7137860660992,TRUE,NA
"CSR",5,103123,366,800,525000,103617,26134,0.0298453054856509,800,160,525000,525000,9.15336915531238,TRUE,NA
"CSR",5,103123,367,333,525000,100891,26401,0.0107392929494381,333,48,525000,728437.5,15.7209265075818,TRUE,NA
"CSR",5,103123,367,800,525000,100891,26401,0.0291413457598537,800,134,525000,626865.671641791,9.79341781836483,TRUE,NA
"CSR",5,103123,368,333,525000,102716,26263,0.0151325296610594,333,84,525000,416250,12.5643072220904,TRUE,NA
"CSR",5,103123,368,800,525000,102716,26263,0.0338822854682803,800,184,525000,456521.739130435,8.69666562427121,TRUE,NA
"CSR",5,103123,369,333,525000,103807,26416,0.0129736589733511,333,47,525000,743936.170212766,15.8612784595146,TRUE,NA
"CSR",5,103123,369,800,525000,103807,26416,0.0319864191114902,800,154,525000,545454.545454545,9.28543116007485,TRUE,NA
"CSR",5,103123,370,333,525000,103768,26063,0.0119252286385745,333,52,525000,672403.846153846,15.2026934860618,TRUE,NA
"CSR",5,103123,370,800,525000,103768,26063,0.0291692174505442,800,140,525000,6e+05,9.62874541786184,TRUE,NA
"CSR",5,103123,371,333,525000,105655,25988,0.013360642362386,333,65,525000,537923.076923077,13.8802143632441,TRUE,NA
"CSR",5,103123,371,800,525000,105655,25988,0.0311406489927322,800,158,525000,531645.569620253,9.19648335691042,TRUE,NA
"CSR",5,103123,372,333,525000,98357,26360,0.0122827007435262,333,56,525000,624375,14.7440030349591,TRUE,NA
"CSR",5,103123,372,800,525000,98357,26360,0.0297716394998133,800,131,525000,641221.374045802,9.88028566166077,TRUE,NA
"CSR",5,103123,373,333,525000,105407,26749,0.0130644969176501,333,73,525000,478972.602739726,13.2589780259761,TRUE,NA
"CSR",5,103123,373,800,525000,105407,26749,0.0315088676288724,800,150,525000,560000,9.37821057345647,TRUE,NA
"CSR",5,103123,374,333,525000,107811,26247,0.0132285417057574,333,72,525000,485625,13.3305320903684,TRUE,NA
"CSR",5,103123,374,800,525000,107811,26247,0.031296888133511,800,170,525000,494117.647058824,8.95029029167148,TRUE,NA
"CSR",5,103123,375,333,525000,101586,26581,0.0114997089840472,333,55,525000,635727.272727273,14.853699160197,TRUE,NA
"CSR",5,103123,375,800,525000,101586,26581,0.0293208053335547,800,138,525000,608695.652173913,9.68235172927353,TRUE,NA
"CSR",5,103123,376,333,525000,101462,26497,0.0113555695861578,333,71,525000,492464.788732394,13.4037034936613,TRUE,NA
"CSR",5,103123,376,800,525000,101462,26497,0.0292533994652331,800,158,525000,531645.569620253,9.19648335691042,TRUE,NA
"CSR",5,103123,377,333,525000,102815,26267,0.0114419879391789,333,65,525000,537923.076923077,13.8802143632441,TRUE,NA
"CSR",5,103123,377,800,525000,102815,26267,0.029617111897096,800,154,525000,545454.545454545,9.28543116007485,TRUE,NA
"CSR",5,103123,378,333,525000,109231,26168,0.0122350146993995,333,75,525000,466200,13.1205003813417,TRUE,NA
"CSR",5,103123,378,800,525000,109231,26168,0.0308687172364444,800,159,525000,528301.886792453,9.17481600112124,TRUE,NA
"CSR",5,103123,379,333,525000,104899,26137,0.0142553118057549,333,74,525000,472500,13.1889852550751,TRUE,NA
"CSR",5,103123,379,800,525000,104899,26137,0.0322708368767053,800,176,525000,477272.727272727,8.83755332157073,TRUE,NA
"CSR",5,103123,380,333,525000,102355,26340,0.0128955352120101,333,76,525000,460065.789473684,13.0534724993725,TRUE,NA
"CSR",5,103123,380,800,525000,102355,26340,0.0312335512135178,800,171,525000,491228.070175439,8.93105251676233,TRUE,NA
"CSR",5,103123,381,333,525000,103968,25958,0.0133522343821824,333,77,525000,454090.909090909,12.9878530478899,TRUE,NA
"CSR",5,103123,381,800,525000,103968,25958,0.0316828130744398,800,176,525000,477272.727272727,8.83755332157073,TRUE,NA
"CSR",5,103123,382,333,525000,108481,25988,0.0134735296014696,333,69,525000,506739.130434783,13.5551367811372,TRUE,NA
"CSR",5,103123,382,800,525000,108481,25988,0.030363135272637,800,172,525000,488372.093023256,8.91199763112317,TRUE,NA
"CSR",5,103123,383,333,525000,105805,26362,0.0122011192142963,333,69,525000,506739.130434783,13.5551367811372,TRUE,NA
"CSR",5,103123,383,800,525000,105805,26362,0.0307749984785914,800,162,525000,518518.518518519,9.11112297991595,TRUE,NA
"CSR",5,103123,384,333,525000,110056,26536,0.0131723808590323,333,92,525000,380054.347826087,12.1453632756442,TRUE,NA
"CSR",5,103123,384,800,525000,110056,26536,0.0313015782739967,800,204,525000,411764.705882353,8.38473462529145,TRUE,NA
"CSR",5,103123,385,333,525000,106691,26398,0.0120297009125352,333,49,525000,713571.428571429,15.5851156420642,TRUE,NA
"CSR",5,103123,385,800,525000,106691,26398,0.0301582566462457,800,149,525000,563758.389261745,9.4020349315005,TRUE,NA
"CSR",5,103123,386,333,525000,100082,26268,0.0138607893604785,333,73,525000,478972.602739726,13.2589780259761,TRUE,NA
"CSR",5,103123,386,800,525000,100082,26268,0.0327488309703767,800,153,525000,549019.607843137,9.30825676577559,TRUE,NA
"CSR",5,103123,387,333,525000,106984,26106,0.0132784028537571,333,82,525000,426402.43902439,12.6793302834041,TRUE,NA
"CSR",5,103123,387,800,525000,106984,26106,0.0315498367417604,800,181,525000,464088.397790055,8.74830187396128,TRUE,NA
"CSR",5,103123,388,333,525000,104345,26282,0.0127469478175044,333,71,525000,492464.788732394,13.4037034936613,TRUE,NA
"CSR",5,103123,388,800,525000,104345,26282,0.0299422778189182,800,162,525000,518518.518518519,9.11112297991595,TRUE,NA
"CSR",5,103123,389,333,525000,100733,26383,0.0124558568932116,333,63,525000,555000,14.0550473372953,TRUE,NA
"CSR",5,103123,389,800,525000,100733,26383,0.0303751761093736,800,138,525000,608695.652173913,9.68235172927353,TRUE,NA
"CSR",5,103123,390,333,525000,107663,26280,0.012867555487901,333,76,525000,460065.789473684,13.0534724993725,TRUE,NA
"CSR",5,103123,390,800,525000,107663,26280,0.0293788688722998,800,184,525000,456521.739130435,8.69666562427121,TRUE,NA
"CSR",5,103123,391,333,525000,106126,26148,0.0122453104704618,333,60,525000,582750,14.3346037123501,TRUE,NA
"CSR",5,103123,391,800,525000,106126,26148,0.0303100498858839,800,167,525000,502994.011976048,9.00912905970284,TRUE,NA
"CSR",5,103123,392,333,525000,107660,26446,0.0123280913103372,333,68,525000,514191.176470588,13.633525606125,TRUE,NA
"CSR",5,103123,392,800,525000,107660,26446,0.0296317257452756,800,178,525000,471910.112359551,8.80136024568492,TRUE,NA
"CSR",5,103123,393,333,525000,98056,26453,0.0124935398343951,333,62,525000,563951.612903226,14.1458304635712,TRUE,NA
"CSR",5,103123,393,800,525000,98056,26453,0.0286424502264708,800,142,525000,591549.295774648,9.57636163188774,TRUE,NA
"CSR",5,103123,394,333,525000,103648,26083,0.0142645279411227,333,88,525000,397329.545454545,12.3470871285424,TRUE,NA
"CSR",5,103123,394,800,525000,103648,26083,0.0323951228056103,800,173,525000,485549.132947977,8.89312291051442,TRUE,NA
"CSR",5,103123,395,333,525000,104749,26275,0.0130721854511648,333,69,525000,506739.130434783,13.5551367811372,TRUE,NA
"CSR",5,103123,395,800,525000,104749,26275,0.0300653860904276,800,164,525000,512195.12195122,9.06971756172824,TRUE,NA
"CSR",5,103123,396,333,525000,106537,26176,0.0120334110688418,333,50,525000,699300,15.4536143643956,TRUE,NA
"CSR",5,103123,396,800,525000,106537,26176,0.0300738452933729,800,130,525000,646153.846153846,9.90995680194929,TRUE,NA
"CSR",5,103123,397,333,525000,107413,26402,0.0140178850851953,333,76,525000,460065.789473684,13.0534724993725,TRUE,NA
"CSR",5,103123,397,800,525000,107413,26402,0.0329525745473802,800,194,525000,432989.69072165,8.53408217947316,TRUE,NA
"CSR",5,103123,398,333,525000,99789,26137,0.0125111476518214,333,58,525000,602844.827586207,14.5336846679327,TRUE,NA
"CSR",5,103123,398,800,525000,99789,26137,0.0294335852377117,800,149,525000,563758.389261745,9.4020349315005,TRUE,NA
"CSR",5,103123,399,333,525000,109437,26240,0.0131851288024336,333,69,525000,506739.130434783,13.5551367811372,TRUE,NA
"CSR",5,103123,399,800,525000,109437,26240,0.031452820636332,800,167,525000,502994.011976048,9.00912905970284,TRUE,NA
"CSR",5,103123,400,333,525000,102736,26260,0.0127873329911381,333,60,525000,582750,14.3346037123501,TRUE,NA
"CSR",5,103123,400,800,525000,102736,26260,0.0326992783229798,800,154,525000,545454.545454545,9.28543116007485,TRUE,NA
